asof,ticker,close,hma55,hma55_prev,margin_pct,color,near_flip
2026-10-09,SPY,778.57,778.2574,775.2763,0.38,green,False
2026-10-09,ACWI,160.9,162.8539,162.3859,0.29,green,True
2026-10-09,EEM,66.8,69.1253,68.993,0.19,green,True
2026-10-09,MCHI,52.55,52.295,52.4207,-0.24,red,True
2026-10-09,EWZ,43.54,36.5823,36.3947,0.52,green,False
2026-10-09,INDA,46.03,48.1116,48.1889,-0.16,red,True
2026-10-09,EWH,22.06,22.4235,22.4857,-0.28,red,True
2026-10-09,THD,71.61,75.1253,75.2118,-0.11,red,True
2026-10-09,SOXX,559.4,601.4427,599.112,0.39,green,False
2026-10-09,XLK,198.78,196.6727,194.9328,0.89,green,False
2026-10-09,GLD,384.58,386.7525,388.505,-0.45,red,False
2026-10-09,GLTR,187.45,189.9914,191.2885,-0.68,red,False
2026-10-09,HYG,77.23,78.9663,79.1297,-0.21,red,True
2026-10-09,LQD,102.41,105.2877,105.6837,-0.37,red,False
2026-10-09,BTCUSD,82715.1406,69286.3009,67668.7965,2.39,green,False
2026-10-09,EWJ,97.86,97.7454,97.2603,0.5,green,False
2026-10-09,VGK,86.03,91.0814,91.1858,-0.11,red,True
2026-10-09,IWM,278.94,302.6875,303.2225,-0.18,red,True
2026-10-09,IWF,127.91,124.9064,124.3671,0.43,green,False
2026-10-09,IWD,253.54,259.4982,258.6387,0.33,green,False
2026-10-09,XLC,110.38,110.2246,110.2735,-0.04,red,True
2026-10-09,XLF,54.73,56.6413,56.4884,0.27,green,True
2026-10-09,XLV,170.81,166.4215,165.2352,0.72,green,False
2026-10-09,XLU,41.41,43.3385,43.7392,-0.92,red,False
2026-10-09,XLRE,41.61,44.8556,45.0922,-0.52,red,False
2026-10-09,XLE,65.08,62.6611,62.3337,0.53,green,False
2026-10-09,XLB,49.43,52.3004,52.5098,-0.4,red,False
2026-10-09,XLY,112.85,114.9556,115.2661,-0.27,red,True
2026-10-09,GSPC,7811.54,7807.4551,7777.4683,0.39,green,False
2026-10-09,SETBK,,,,,,
2026-10-09,URTH,209.14,211.005,210.3715,0.3,green,False
2026-10-09,EFA,103.4,107.5359,107.5059,0.03,green,True
2026-10-09,XLP,83.43,84.7985,85.0055,-0.24,red,True
2026-10-09,XLI,169.25,181.2727,182.0005,-0.4,red,False
2026-10-09,XBI,153.77,161.4945,160.6723,0.51,green,False
2026-10-09,UUP,29.02,28.4013,28.339,0.22,green,True
2026-10-09,TLT,77.98,81.4923,81.959,-0.57,red,False
2026-10-09,VYM,158.75,164.9012,165.0084,-0.06,red,True
2026-10-09,IAI,178.49,189.8594,189.7985,0.03,green,True
2026-10-09,AGG,94.59,96.6202,96.8972,-0.29,red,True
2026-10-09,DBC,32.96,31.8369,31.624,0.67,green,False
