week_ending,VIX,VXN,GVZ,OVX,VXEWZ,VXEFA,VVIX,SKEW
1990-01-05,,,,,,,,121.27
1990-01-12,,,,,,,,116.78
1990-01-19,,,,,,,,129.31
1990-01-26,,,,,,,,122.76
1990-02-02,,,,,,,,132.53
1990-02-09,,,,,,,,126.06
1990-02-16,,,,,,,,136.61
1990-02-23,,,,,,,,125.82
1990-03-02,,,,,,,,126.44
1990-03-09,,,,,,,,125.6
1990-03-16,,,,,,,,136.73
1990-03-23,,,,,,,,130.76
1990-03-30,,,,,,,,111.33
1990-04-06,,,,,,,,114.91
1990-04-13,,,,,,,,121.52
1990-04-20,,,,,,,,120.88
1990-04-27,,,,,,,,118.84
1990-05-04,,,,,,,,116.35
1990-05-11,,,,,,,,119.51
1990-05-18,,,,,,,,124.68
1990-05-25,,,,,,,,111.93
1990-06-01,,,,,,,,119.33
1990-06-08,,,,,,,,122.13
1990-06-15,,,,,,,,138.31
1990-06-22,,,,,,,,139.62
1990-06-29,,,,,,,,107.31
1990-07-06,,,,,,,,107.27
1990-07-13,,,,,,,,109.33
1990-07-20,,,,,,,,109.71
1990-07-27,,,,,,,,127.62
1990-08-03,,,,,,,,119.6
1990-08-10,,,,,,,,123.01
1990-08-17,,,,,,,,117.36
1990-08-24,,,,,,,,113.42
1990-08-31,,,,,,,,119.48
1990-09-07,,,,,,,,117.82
1990-09-14,,,,,,,,119.03
1990-09-21,,,,,,,,118.22
1990-09-28,,,,,,,,113.24
1990-10-05,,,,,,,,117.23
1990-10-12,,,,,,,,111.92
1990-10-19,,,,,,,,117.56
1990-10-26,,,,,,,,111.79
1990-11-02,,,,,,,,115.29
1990-11-09,,,,,,,,117.11
1990-11-16,,,,,,,,119.97
1990-11-23,,,,,,,,116.37
1990-11-30,,,,,,,,122.65
1990-12-07,,,,,,,,124.43
1990-12-14,,,,,,,,122.14
1990-12-21,,,,,,,,129.61
1990-12-28,,,,,,,,127.59
1991-01-04,,,,,,,,121.95
1991-01-11,,,,,,,,114.58
1991-01-18,,,,,,,,125.61
1991-01-25,,,,,,,,124.2
1991-02-01,,,,,,,,121.25
1991-02-08,,,,,,,,121.05
1991-02-15,,,,,,,,118.94
1991-02-22,,,,,,,,114.92
1991-03-01,,,,,,,,116.36
1991-03-08,,,,,,,,118.51
1991-03-15,,,,,,,,102.73
1991-03-22,,,,,,,,103.4
1991-03-29,,,,,,,,105.67
1991-04-05,,,,,,,,108.51
1991-04-12,,,,,,,,116.64
1991-04-19,,,,,,,,105.7
1991-04-26,,,,,,,,108.51
1991-05-03,,,,,,,,110.58
1991-05-10,,,,,,,,113.66
1991-05-17,,,,,,,,117.32
1991-05-24,,,,,,,,116.19
1991-05-31,,,,,,,,117.2
1991-06-07,,,,,,,,113.52
1991-06-14,,,,,,,,121.08
1991-06-21,,,,,,,,124.86
1991-06-28,,,,,,,,114.98
1991-07-05,,,,,,,,118.18
1991-07-12,,,,,,,,119.14
1991-07-19,,,,,,,,123.06
1991-07-26,,,,,,,,111.76
1991-08-02,,,,,,,,109.76
1991-08-09,,,,,,,,108.84
1991-08-16,,,,,,,,112.48
1991-08-23,,,,,,,,111.17
1991-08-30,,,,,,,,115.36
1991-09-06,,,,,,,,114.5
1991-09-13,,,,,,,,115.25
1991-09-20,,,,,,,,120.99
1991-09-27,,,,,,,,108.36
1991-10-04,,,,,,,,103.93
1991-10-11,,,,,,,,104.66
1991-10-18,,,,,,,,110.28
1991-10-25,,,,,,,,107.45
1991-11-01,,,,,,,,110.19
1991-11-08,,,,,,,,110.37
1991-11-15,,,,,,,,114.77
1991-11-22,,,,,,,,111.76
1991-11-29,,,,,,,,110.22
1991-12-06,,,,,,,,115.49
1991-12-13,,,,,,,,116.11
1991-12-20,,,,,,,,122.39
1991-12-27,,,,,,,,114.23
1992-01-03,,,,,,,,116.28
1992-01-10,,,,,,,,116.82
1992-01-17,,,,,,,,109.7
1992-01-24,,,,,,,,110.29
1992-01-31,,,,,,,,110.93
1992-02-07,,,,,,,,112.3
1992-02-14,,,,,,,,112.84
1992-02-21,,,,,,,,114.47
1992-02-28,,,,,,,,109.06
1992-03-06,,,,,,,,110.92
1992-03-13,,,,,,,,114.84
1992-03-20,,,,,,,,109.36
1992-03-27,,,,,,,,107.27
1992-04-03,,,,,,,,111.51
1992-04-10,,,,,,,,117.1
1992-04-17,,,,,,,,112.08
1992-04-24,,,,,,,,109.72
1992-05-01,,,,,,,,113.25
1992-05-08,,,,,,,,113.06
1992-05-15,,,,,,,,112.88
1992-05-22,,,,,,,,112.23
1992-05-29,,,,,,,,109.47
1992-06-05,,,,,,,,110.07
1992-06-12,,,,,,,,108.39
1992-06-19,,,,,,,,107.85
1992-06-26,,,,,,,,108.28
1992-07-03,,,,,,,,112.05
1992-07-10,,,,,,,,111.7
1992-07-17,,,,,,,,112.94
1992-07-24,,,,,,,,113.31
1992-07-31,,,,,,,,111.55
1992-08-07,,,,,,,,113.08
1992-08-14,,,,,,,,112.78
1992-08-21,,,,,,,,114.33
1992-08-28,,,,,,,,110.99
1992-09-04,,,,,,,,110.7
1992-09-11,,,,,,,,114.0
1992-09-18,,,,,,,,117.2
1992-09-25,,,,,,,,114.25
1992-10-02,,,,,,,,111.35
1992-10-09,,,,,,,,112.14
1992-10-16,,,,,,,,114.66
1992-10-23,,,,,,,,113.51
1992-10-30,,,,,,,,110.28
1992-11-06,,,,,,,,112.63
1992-11-13,,,,,,,,116.21
1992-11-20,,,,,,,,115.38
1992-11-27,,,,,,,,110.53
1992-12-04,,,,,,,,112.22
1992-12-11,,,,,,,,113.45
1992-12-18,,,,,,,,114.84
1992-12-25,,,,,,,,110.24
1993-01-01,,,,,,,,110.83
1993-01-08,,,,,,,,113.23
1993-01-15,,,,,,,,115.07
1993-01-22,,,,,,,,113.75
1993-01-29,,,,,,,,113.9
1993-02-05,,,,,,,,115.09
1993-02-12,,,,,,,,116.49
1993-02-19,,,,,,,,116.44
1993-02-26,,,,,,,,117.11
1993-03-05,,,,,,,,114.74
1993-03-12,,,,,,,,116.37
1993-03-19,,,,,,,,111.15
1993-03-26,,,,,,,,112.82
1993-04-02,,,,,,,,110.6
1993-04-09,,,,,,,,111.88
1993-04-16,,,,,,,,112.9
1993-04-23,,,,,,,,109.8
1993-04-30,,,,,,,,112.33
1993-05-07,,,,,,,,113.32
1993-05-14,,,,,,,,116.03
1993-05-21,,,,,,,,118.02
1993-05-28,,,,,,,,122.04
1993-06-04,,,,,,,,114.59
1993-06-11,,,,,,,,113.32
1993-06-18,,,,,,,,111.05
1993-06-25,,,,,,,,111.53
1993-07-02,,,,,,,,108.63
1993-07-09,,,,,,,,111.3
1993-07-16,,,,,,,,112.45
1993-07-23,,,,,,,,113.03
1993-07-30,,,,,,,,112.89
1993-08-06,,,,,,,,113.24
1993-08-13,,,,,,,,116.73
1993-08-20,,,,,,,,115.05
1993-08-27,,,,,,,,114.5
1993-09-03,,,,,,,,115.82
1993-09-10,,,,,,,,115.9
1993-09-17,,,,,,,,118.4
1993-09-24,,,,,,,,118.26
1993-10-01,,,,,,,,117.13
1993-10-08,,,,,,,,116.57
1993-10-15,,,,,,,,114.12
1993-10-22,,,,,,,,113.02
1993-10-29,,,,,,,,113.73
1993-11-05,,,,,,,,116.07
1993-11-12,,,,,,,,116.13
1993-11-19,,,,,,,,116.81
1993-11-26,,,,,,,,120.85
1993-12-03,,,,,,,,121.48
1993-12-10,,,,,,,,117.04
1993-12-17,,,,,,,,119.28
1993-12-24,,,,,,,,113.43
1993-12-31,,,,,,,,114.16
1994-01-07,,,,,,,,116.67
1994-01-14,,,,,,,,121.85
1994-01-21,,,,,,,,114.36
1994-01-28,,,,,,,,115.42
1994-02-04,,,,,,,,117.87
1994-02-11,,,,,,,,119.63
1994-02-18,,,,,,,,117.91
1994-02-25,,,,,,,,119.59
1994-03-04,,,,,,,,118.07
1994-03-11,,,,,,,,123.36
1994-03-18,,,,,,,,118.11
1994-03-25,,,,,,,,114.57
1994-04-01,,,,,,,,123.0
1994-04-08,,,,,,,,119.18
1994-04-15,,,,,,,,122.07
1994-04-22,,,,,,,,119.19
1994-04-29,,,,,,,,118.04
1994-05-06,,,,,,,,119.15
1994-05-13,,,,,,,,117.9
1994-05-20,,,,,,,,116.29
1994-05-27,,,,,,,,121.08
1994-06-03,,,,,,,,120.89
1994-06-10,,,,,,,,123.24
1994-06-17,,,,,,,,116.78
1994-06-24,,,,,,,,112.32
1994-07-01,,,,,,,,115.47
1994-07-08,,,,,,,,114.84
1994-07-15,,,,,,,,114.5
1994-07-22,,,,,,,,116.21
1994-07-29,,,,,,,,117.62
1994-08-05,,,,,,,,115.09
1994-08-12,,,,,,,,119.19
1994-08-19,,,,,,,,120.32
1994-08-26,,,,,,,,112.35
1994-09-02,,,,,,,,115.12
1994-09-09,,,,,,,,117.34
1994-09-16,,,,,,,,119.94
1994-09-23,,,,,,,,114.79
1994-09-30,,,,,,,,113.81
1994-10-07,,,,,,,,114.39
1994-10-14,,,,,,,,116.93
1994-10-21,,,,,,,,116.1
1994-10-28,,,,,,,,116.94
1994-11-04,,,,,,,,113.46
1994-11-11,,,,,,,,113.8
1994-11-18,,,,,,,,115.46
1994-11-25,,,,,,,,113.34
1994-12-02,,,,,,,,115.73
1994-12-09,,,,,,,,115.06
1994-12-16,,,,,,,,115.63
1994-12-23,,,,,,,,118.4
1994-12-30,,,,,,,,115.53
1995-01-06,,,,,,,,117.38
1995-01-13,,,,,,,,115.5
1995-01-20,,,,,,,,116.55
1995-01-27,,,,,,,,114.23
1995-02-03,,,,,,,,115.19
1995-02-10,,,,,,,,113.04
1995-02-17,,,,,,,,114.68
1995-02-24,,,,,,,,113.21
1995-03-03,,,,,,,,110.66
1995-03-10,,,,,,,,114.32
1995-03-17,,,,,,,,111.18
1995-03-24,,,,,,,,115.62
1995-03-31,,,,,,,,115.88
1995-04-07,,,,,,,,115.64
1995-04-14,,,,,,,,121.17
1995-04-21,,,,,,,,117.74
1995-04-28,,,,,,,,115.53
1995-05-05,,,,,,,,118.13
1995-05-12,,,,,,,,116.95
1995-05-19,,,,,,,,117.92
1995-05-26,,,,,,,,114.53
1995-06-02,,,,,,,,114.03
1995-06-09,,,,,,,,114.43
1995-06-16,,,,,,,,111.98
1995-06-23,,,,,,,,109.42
1995-06-30,,,,,,,,108.94
1995-07-07,,,,,,,,111.21
1995-07-14,,,,,,,,107.39
1995-07-21,,,,,,,,108.42
1995-07-28,,,,,,,,113.06
1995-08-04,,,,,,,,110.91
1995-08-11,,,,,,,,112.64
1995-08-18,,,,,,,,113.78
1995-08-25,,,,,,,,114.34
1995-09-01,,,,,,,,113.62
1995-09-08,,,,,,,,115.02
1995-09-15,,,,,,,,119.04
1995-09-22,,,,,,,,118.63
1995-09-29,,,,,,,,115.35
1995-10-06,,,,,,,,118.2
1995-10-13,,,,,,,,118.0
1995-10-20,,,,,,,,119.72
1995-10-27,,,,,,,,116.83
1995-11-03,,,,,,,,111.61
1995-11-10,,,,,,,,114.36
1995-11-17,,,,,,,,115.38
1995-11-24,,,,,,,,115.96
1995-12-01,,,,,,,,116.65
1995-12-08,,,,,,,,119.68
1995-12-15,,,,,,,,118.76
1995-12-22,,,,,,,,113.67
1995-12-29,,,,,,,,112.0
1996-01-05,,,,,,,,113.26
1996-01-12,,,,,,,,115.09
1996-01-19,,,,,,,,114.03
1996-01-26,,,,,,,,113.27
1996-02-02,,,,,,,,115.19
1996-02-09,,,,,,,,115.64
1996-02-16,,,,,,,,110.1
1996-02-23,,,,,,,,110.07
1996-03-01,,,,,,,,109.3
1996-03-08,,,,,,,,111.15
1996-03-15,,,,,,,,114.47
1996-03-22,,,,,,,,113.84
1996-03-29,,,,,,,,114.26
1996-04-05,,,,,,,,114.45
1996-04-12,,,,,,,,114.4
1996-04-19,,,,,,,,116.11
1996-04-26,,,,,,,,112.94
1996-05-03,,,,,,,,114.97
1996-05-10,,,,,,,,113.43
1996-05-17,,,,,,,,113.16
1996-05-24,,,,,,,,113.82
1996-05-31,,,,,,,,111.71
1996-06-07,,,,,,,,111.79
1996-06-14,,,,,,,,111.38
1996-06-21,,,,,,,,112.44
1996-06-28,,,,,,,,108.3
1996-07-05,,,,,,,,109.45
1996-07-12,,,,,,,,110.88
1996-07-19,,,,,,,,112.9
1996-07-26,,,,,,,,114.67
1996-08-02,,,,,,,,114.13
1996-08-09,,,,,,,,112.57
1996-08-16,,,,,,,,114.57
1996-08-23,,,,,,,,113.78
1996-08-30,,,,,,,,114.32
1996-09-06,,,,,,,,115.85
1996-09-13,,,,,,,,115.39
1996-09-20,,,,,,,,115.26
1996-09-27,,,,,,,,115.81
1996-10-04,,,,,,,,115.81
1996-10-11,,,,,,,,114.07
1996-10-18,,,,,,,,113.69
1996-10-25,,,,,,,,113.56
1996-11-01,,,,,,,,112.54
1996-11-08,,,,,,,,116.92
1996-11-15,,,,,,,,115.92
1996-11-22,,,,,,,,114.72
1996-11-29,,,,,,,,112.11
1996-12-06,,,,,,,,113.79
1996-12-13,,,,,,,,113.94
1996-12-20,,,,,,,,114.91
1996-12-27,,,,,,,,114.29
1997-01-03,,,,,,,,113.77
1997-01-10,,,,,,,,114.2
1997-01-17,,,,,,,,110.84
1997-01-24,,,,,,,,110.72
1997-01-31,,,,,,,,110.49
1997-02-07,,,,,,,,110.57
1997-02-14,,,,,,,,111.31
1997-02-21,,,,,,,,111.48
1997-02-28,,,,,,,,109.26
1997-03-07,,,,,,,,108.73
1997-03-14,,,,,,,,107.62
1997-03-21,,,,,,,,108.45
1997-03-28,,,,,,,,108.35
1997-04-04,,,,,,,,108.08
1997-04-11,,,,,,,,106.53
1997-04-18,,,,,,,,110.36
1997-04-25,,,,,,,,112.2
1997-05-02,,,,,,,,110.62
1997-05-09,,,,,,,,107.19
1997-05-16,,,,,,,,107.08
1997-05-23,,,,,,,,105.13
1997-05-30,,,,,,,,104.89
1997-06-06,,,,,,,,105.97
1997-06-13,,,,,,,,110.61
1997-06-20,,,,,,,,106.18
1997-06-27,,,,,,,,106.62
1997-07-04,,,,,,,,109.13
1997-07-11,,,,,,,,108.81
1997-07-18,,,,,,,,106.74
1997-07-25,,,,,,,,110.15
1997-08-01,,,,,,,,110.1
1997-08-08,,,,,,,,108.41
1997-08-15,,,,,,,,108.16
1997-08-22,,,,,,,,112.25
1997-08-29,,,,,,,,109.24
1997-09-05,,,,,,,,108.9
1997-09-12,,,,,,,,111.04
1997-09-19,,,,,,,,115.52
1997-09-26,,,,,,,,113.04
1997-10-03,,,,,,,,115.28
1997-10-10,,,,,,,,115.26
1997-10-17,,,,,,,,111.99
1997-10-24,,,,,,,,111.91
1997-10-31,,,,,,,,120.82
1997-11-07,,,,,,,,122.01
1997-11-14,,,,,,,,121.62
1997-11-21,,,,,,,,125.72
1997-11-28,,,,,,,,120.58
1997-12-05,,,,,,,,119.79
1997-12-12,,,,,,,,135.04
1997-12-19,,,,,,,,120.0
1997-12-26,,,,,,,,117.23
1998-01-02,,,,,,,,121.99
1998-01-09,,,,,,,,124.28
1998-01-16,,,,,,,,120.72
1998-01-23,,,,,,,,121.6
1998-01-30,,,,,,,,123.6
1998-02-06,,,,,,,,114.48
1998-02-13,,,,,,,,121.25
1998-02-20,,,,,,,,122.19
1998-02-27,,,,,,,,118.36
1998-03-06,,,,,,,,116.14
1998-03-13,,,,,,,,119.95
1998-03-20,,,,,,,,122.07
1998-03-27,,,,,,,,118.31
1998-04-03,,,,,,,,120.17
1998-04-10,,,,,,,,119.31
1998-04-17,,,,,,,,120.13
1998-04-24,,,,,,,,118.14
1998-05-01,,,,,,,,121.88
1998-05-08,,,,,,,,118.72
1998-05-15,,,,,,,,123.79
1998-05-22,,,,,,,,122.49
1998-05-29,,,,,,,,118.27
1998-06-05,,,,,,,,119.75
1998-06-12,,,,,,,,122.16
1998-06-19,,,,,,,,122.72
1998-06-26,,,,,,,,124.8
1998-07-03,,,,,,,,129.97
1998-07-10,,,,,,,,118.79
1998-07-17,,,,,,,,118.4
1998-07-24,,,,,,,,120.78
1998-07-31,,,,,,,,121.21
1998-08-07,,,,,,,,122.98
1998-08-14,,,,,,,,122.79
1998-08-21,,,,,,,,125.08
1998-08-28,,,,,,,,118.25
1998-09-04,,,,,,,,123.48
1998-09-11,,,,,,,,126.67
1998-09-18,,,,,,,,128.3
1998-09-25,,,,,,,,119.07
1998-10-02,,,,,,,,115.15
1998-10-09,,,,,,,,119.28
1998-10-16,,,,,,,,146.22
1998-10-23,,,,,,,,122.48
1998-10-30,,,,,,,,129.98
1998-11-06,,,,,,,,129.39
1998-11-13,,,,,,,,123.86
1998-11-20,,,,,,,,131.84
1998-11-27,,,,,,,,122.43
1998-12-04,,,,,,,,120.79
1998-12-11,,,,,,,,120.49
1998-12-18,,,,,,,,123.33
1998-12-25,,,,,,,,120.65
1999-01-01,,,,,,,,124.46
1999-01-08,,,,,,,,121.02
1999-01-15,,,,,,,,120.43
1999-01-22,,,,,,,,119.32
1999-01-29,,,,,,,,119.23
1999-02-05,,,,,,,,115.51
1999-02-12,,,,,,,,116.29
1999-02-19,,,,,,,,115.4
1999-02-26,,,,,,,,114.88
1999-03-05,,,,,,,,115.83
1999-03-12,,,,,,,,113.95
1999-03-19,,,,,,,,114.97
1999-03-26,,,,,,,,114.72
1999-04-02,,,,,,,,112.35
1999-04-09,,,,,,,,115.9
1999-04-16,,,,,,,,113.86
1999-04-23,,,,,,,,115.84
1999-04-30,,,,,,,,116.25
1999-05-07,,,,,,,,116.9
1999-05-14,,,,,,,,116.77
1999-05-21,,,,,,,,118.43
1999-05-28,,,,,,,,117.98
1999-06-04,,,,,,,,116.26
1999-06-11,,,,,,,,115.45
1999-06-18,,,,,,,,119.47
1999-06-25,,,,,,,,118.48
1999-07-02,,,,,,,,120.44
1999-07-09,,,,,,,,119.14
1999-07-16,,,,,,,,122.2
1999-07-23,,,,,,,,118.85
1999-07-30,,,,,,,,119.28
1999-08-06,,,,,,,,121.41
1999-08-13,,,,,,,,128.4
1999-08-20,,,,,,,,122.98
1999-08-27,,,,,,,,118.25
1999-09-03,,,,,,,,122.87
1999-09-10,,,,,,,,119.94
1999-09-17,,,,,,,,119.11
1999-09-24,,,,,,,,115.64
1999-10-01,,,,,,,,117.07
1999-10-08,,,,,,,,120.91
1999-10-15,,,,,,,,116.14
1999-10-22,,,,,,,,120.85
1999-10-29,,,,,,,,124.08
1999-11-05,,,,,,,,127.06
1999-11-12,,,,,,,,126.04
1999-11-19,,,,,,,,127.96
1999-11-26,,,,,,,,121.65
1999-12-03,,,,,,,,115.47
1999-12-10,,,,,,,,114.16
1999-12-17,,,,,,,,118.07
1999-12-24,,,,,,,,120.72
1999-12-31,,,,,,,,119.17
2000-01-07,,,,,,,,117.35
2000-01-14,,,,,,,,116.56
2000-01-21,,,,,,,,116.13
2000-01-28,,,,,,,,113.49
2000-02-04,,,,,,,,115.89
2000-02-11,,,,,,,,114.93
2000-02-18,,,,,,,,114.07
2000-02-25,,,,,,,,109.52
2000-03-03,,,,,,,,112.22
2000-03-10,,,,,,,,113.36
2000-03-17,,,,,,,,115.13
2000-03-24,,,,,,,,113.47
2000-03-31,,,,,,,,113.35
2000-04-07,,,,,,,,113.41
2000-04-14,,,,,,,,107.79
2000-04-21,,,,,,,,114.24
2000-04-28,,,,,,,,115.35
2000-05-05,,,,,,,,114.82
2000-05-12,,,,,,,,114.58
2000-05-19,,,,,,,,112.39
2000-05-26,,,,,,,,110.52
2000-06-02,,,,,,,,110.3
2000-06-09,,,,,,,,109.67
2000-06-16,,,,,,,,114.52
2000-06-23,,,,,,,,110.92
2000-06-30,,,,,,,,109.92
2000-07-07,,,,,,,,109.88
2000-07-14,,,,,,,,109.06
2000-07-21,,,,,,,,108.59
2000-07-28,,,,,,,,112.17
2000-08-04,,,,,,,,108.65
2000-08-11,,,,,,,,108.54
2000-08-18,,,,,,,,110.34
2000-08-25,,,,,,,,112.27
2000-09-01,,,,,,,,114.5
2000-09-08,,,,,,,,111.03
2000-09-15,,,,,,,,111.91
2000-09-22,,,,,,,,111.81
2000-10-06,,,,,,,,113.57
2000-10-13,,,,,,,,111.23
2000-10-20,,,,,,,,114.64
2000-10-27,,,,,,,,115.21
2000-11-03,,,,,,,,119.02
2000-11-10,,,,,,,,115.51
2000-11-17,,,,,,,,118.76
2000-11-24,,,,,,,,116.12
2000-12-01,,,,,,,,112.54
2000-12-08,,,,,,,,112.56
2000-12-15,,,,,,,,111.97
2000-12-22,,,,,,,,111.3
2000-12-29,,,,,,,,111.04
2001-01-05,,,,,,,,109.92
2001-01-12,,,,,,,,110.43
2001-01-19,,,,,,,,112.25
2001-01-26,,,,,,,,111.75
2001-02-02,,,,,,,,112.2
2001-02-09,,,,,,,,111.73
2001-02-16,,,,,,,,112.29
2001-02-23,,,,,,,,113.12
2001-03-02,,,,,,,,112.1
2001-03-09,,,,,,,,109.24
2001-03-16,,,,,,,,109.21
2001-03-23,,,,,,,,111.21
2001-03-30,,,,,,,,109.58
2001-04-06,,,,,,,,109.07
2001-04-13,,,,,,,,110.4
2001-04-20,,,,,,,,112.67
2001-04-27,,,,,,,,113.62
2001-05-04,,,,,,,,113.2
2001-05-11,,,,,,,,114.33
2001-05-18,,,,,,,,118.37
2001-05-25,,,,,,,,115.1
2001-06-01,,,,,,,,111.75
2001-06-08,,,,,,,,110.52
2001-06-15,,,,,,,,114.52
2001-06-22,,,,,,,,114.68
2001-06-29,,,,,,,,115.7
2001-07-06,,,,,,,,112.69
2001-07-13,,,,,,,,112.88
2001-07-20,,,,,,,,114.46
2001-07-27,,,,,,,,116.99
2001-08-03,,,,,,,,115.67
2001-08-10,,,,,,,,114.68
2001-08-17,,,,,,,,115.87
2001-08-24,,,,,,,,115.84
2001-08-31,,,,,,,,113.27
2001-09-07,,,,,,,,111.43
2001-09-14,,,,,,,,112.5
2001-09-21,,,,,,,,112.23
2001-09-28,,,,,,,,114.96
2001-10-05,,,,,,,,119.36
2001-10-12,,,,,,,,118.83
2001-10-19,,,,,,,,119.22
2001-10-26,,,,,,,,119.86
2001-11-02,,,,,,,,118.56
2001-11-09,,,,,,,,117.61
2001-11-16,,,,,,,,122.23
2001-11-23,,,,,,,,120.26
2001-11-30,,,,,,,,120.3
2001-12-07,,,,,,,,118.13
2001-12-14,,,,,,,,120.4
2001-12-21,,,,,,,,123.86
2001-12-28,,,,,,,,123.67
2002-01-04,,,,,,,,122.27
2002-01-11,,,,,,,,121.92
2002-01-18,,,,,,,,120.85
2002-01-25,,,,,,,,121.74
2002-02-01,,,,,,,,119.87
2002-02-08,,,,,,,,118.02
2002-02-15,,,,,,,,122.63
2002-02-22,,,,,,,,118.88
2002-03-01,,,,,,,,119.58
2002-03-08,,,,,,,,115.63
2002-03-15,,,,,,,,117.62
2002-03-22,,,,,,,,116.65
2002-03-29,,,,,,,,112.97
2002-04-05,,,,,,,,114.52
2002-04-12,,,,,,,,115.57
2002-04-19,,,,,,,,115.81
2002-04-26,,,,,,,,114.13
2002-05-03,,,,,,,,113.98
2002-05-10,,,,,,,,113.39
2002-05-17,,,,,,,,115.3
2002-05-24,,,,,,,,114.49
2002-05-31,,,,,,,,116.04
2002-06-07,,,,,,,,114.25
2002-06-14,,,,,,,,113.0
2002-06-21,,,,,,,,112.35
2002-06-28,,,,,,,,112.45
2002-07-05,,,,,,,,116.34
2002-07-12,,,,,,,,111.07
2002-07-19,,,,,,,,109.58
2002-07-26,,,,,,,,112.0
2002-08-02,,,,,,,,110.63
2002-08-09,,,,,,,,113.27
2002-08-16,,,,,,,,116.74
2002-08-23,,,,,,,,116.75
2002-08-30,,,,,,,,116.66
2002-09-06,,,,,,,,115.26
2002-09-13,,,,,,,,115.2
2002-09-20,,,,,,,,112.89
2002-09-27,,,,,,,,109.55
2002-10-04,,,,,,,,108.12
2002-10-11,,,,,,,,109.64
2002-10-18,,,,,,,,112.57
2002-10-25,,,,,,,,114.34
2002-11-01,,,,,,,,114.86
2002-11-08,,,,,,,,114.46
2002-11-15,,,,,,,,112.34
2002-11-22,,,,,,,,114.24
2002-11-29,,,,,,,,112.45
2002-12-06,,,,,,,,112.8
2002-12-13,,,,,,,,111.8
2002-12-20,,,,,,,,112.71
2002-12-27,,,,,,,,112.86
2003-01-03,,,,,,,,114.64
2003-01-10,,,,,,,,112.8
2003-01-17,,,,,,,,112.68
2003-01-24,,,,,,,,112.07
2003-01-31,,,,,,,,109.2
2003-02-07,,,,,,,,110.65
2003-02-14,,,,,,,,111.31
2003-02-21,,,,,,,,110.47
2003-02-28,,,,,,,,109.58
2003-03-07,,,,,,,,107.42
2003-03-14,,,,,,,,107.05
2003-03-21,,,,,,,,110.18
2003-03-28,,,,,,,,109.08
2003-04-04,,,,,,,,108.16
2003-04-11,,,,,,,,109.29
2003-04-18,,,,,,,,110.19
2003-04-25,,,,,,,,109.71
2003-05-02,,,,,,,,109.98
2003-05-09,,,,,,,,112.21
2003-05-16,,,,,,,,111.49
2003-05-23,,,,,,,,112.98
2003-05-30,,,,,,,,111.43
2003-06-06,,,,,,,,112.25
2003-06-13,,,,,,,,109.79
2003-06-20,,,,,,,,112.07
2003-06-27,,,,,,,,111.7
2003-07-04,,,,,,,,110.42
2003-07-11,,,,,,,,110.6
2003-07-18,,,,,,,,109.7
2003-07-25,,,,,,,,109.86
2003-08-01,,,,,,,,109.63
2003-08-08,,,,,,,,112.95
2003-08-15,,,,,,,,114.74
2003-08-22,,,,,,,,114.71
2003-08-29,,,,,,,,114.6
2003-09-05,,,,,,,,114.99
2003-09-12,,,,,,,,111.36
2003-09-19,,,,,,,,113.35
2003-09-26,,,,,,,,112.86
2003-10-03,,,,,,,,113.31
2003-10-10,,,,,,,,112.25
2003-10-17,,,,,,,,112.38
2003-10-24,,,,,,,,117.51
2003-10-31,,,,,,,,116.53
2003-11-07,,,,,,,,117.16
2003-11-14,,,,,,,,119.26
2003-11-21,,,,,,,,121.7
2003-11-28,,,,,,,,121.07
2003-12-05,,,,,,,,120.11
2003-12-12,,,,,,,,125.86
2003-12-19,,,,,,,,123.58
2003-12-26,,,,,,,,124.12
2004-01-02,,,,,,,,123.23
2004-01-09,,,,,,,,121.17
2004-01-16,,,,,,,,125.75
2004-01-23,,,,,,,,115.47
2004-01-30,,,,,,,,112.16
2004-02-06,,,,,,,,115.09
2004-02-13,,,,,,,,118.01
2004-02-20,,,,,,,,117.94
2004-02-27,,,,,,,,111.88
2004-03-05,,,,,,,,117.95
2004-03-12,,,,,,,,118.67
2004-03-19,,,,,,,,118.53
2004-03-26,,,,,,,,121.16
2004-04-02,,,,,,,,121.81
2004-04-09,,,,,,,,121.42
2004-04-16,,,,,,,,121.27
2004-04-23,,,,,,,,118.31
2004-04-30,,,,,,,,111.76
2004-05-07,,,,,,,,111.52
2004-05-14,,,,,,,,114.9
2004-05-21,,,,,,,,116.07
2004-05-28,,,,,,,,118.47
2004-06-04,,,,,,,,122.92
2004-06-11,,,,,,,,134.23
2004-06-18,,,,,,,,121.96
2004-06-25,,,,,,,,119.15
2004-07-02,,,,,,,,117.92
2004-07-09,,,,,,,,115.32
2004-07-16,,,,,,,,120.52
2004-07-23,,,,,,,,117.91
2004-07-30,,,,,,,,116.13
2004-08-06,,,,,,,,117.55
2004-08-13,,,,,,,,117.9
2004-08-20,,,,,,,,120.67
2004-08-27,,,,,,,,118.7
2004-09-03,,,,,,,,122.27
2004-09-10,,,,,,,,128.33
2004-09-17,,,,,,,,117.16
2004-09-24,,,,,,,,124.86
2004-10-01,,,,,,,,120.66
2004-10-08,,,,,,,,117.1
2004-10-15,,,,,,,,116.72
2004-10-22,,,,,,,,114.41
2004-10-29,,,,,,,,116.04
2004-11-05,,,,,,,,116.36
2004-11-12,,,,,,,,111.91
2004-11-19,,,,,,,,111.59
2004-11-26,,,,,,,,111.53
2004-12-03,,,,,,,,114.02
2004-12-10,,,,,,,,113.86
2004-12-17,,,,,,,,117.95
2004-12-24,,,,,,,,117.81
2004-12-31,,,,,,,,116.01
2005-01-07,,,,,,,,114.95
2005-01-14,,,,,,,,117.02
2005-01-21,,,,,,,,123.58
2005-01-28,,,,,,,,119.22
2005-02-04,,,,,,,,123.18
2005-02-11,,,,,,,,123.73
2005-02-18,,,,,,,,127.87
2005-02-25,,,,,,,,126.89
2005-03-04,,,,,,,,121.98
2005-03-11,,,,,,,,114.64
2005-03-18,,,,,,,,121.75
2005-03-25,,,,,,,,119.08
2005-04-01,,,,,,,,116.28
2005-04-08,,,,,,,,114.01
2005-04-15,,,,,,,,120.41
2005-04-22,,,,,,,,120.59
2005-04-29,,,,,,,,116.12
2005-05-06,,,,,,,,119.54
2005-05-13,,,,,,,,118.22
2005-05-20,,,,,,,,128.09
2005-05-27,,,,,,,,125.92
2005-06-03,,,,,,,,123.59
2005-06-10,,,,,,,,118.48
2005-06-17,,,,,,,,119.51
2005-06-24,,,,,,,,115.92
2005-07-01,,,,,,,,123.58
2005-07-08,,,,,,,,125.02
2005-07-15,,,,,,,,122.48
2005-07-22,,,,,,,,123.71
2005-07-29,,,,,,,,121.3
2005-08-05,,,,,,,,124.87
2005-08-12,,,,,,,,130.28
2005-08-19,,,,,,,,131.42
2005-08-26,,,,,,,,135.54
2005-09-02,,,,,,,,124.85
2005-09-09,,,,,,,,124.37
2005-09-16,,,,,,,,122.94
2005-09-23,,,,,,,,122.16
2005-09-30,,,,,,,,115.23
2005-10-07,,,,,,,,117.01
2005-10-14,,,,,,,,121.73
2005-10-21,,,,,,,,121.19
2005-10-28,,,,,,,,118.18
2005-11-04,,,,,,,,121.77
2005-11-11,,,,,,,,123.85
2005-11-18,,,,,,,,129.47
2005-11-25,,,,,,,,114.92
2005-12-02,,,,,,,,123.75
2005-12-09,,,,,,,,121.45
2005-12-16,,,,,,,,120.8
2005-12-23,,,,,,,,120.14
2005-12-30,,,,,,,,113.0
2006-01-06,,,,,,,,117.3
2006-01-13,,,,,,,,119.14
2006-01-20,,,,,,,,123.55
2006-01-27,,,,,,,,127.59
2006-02-03,,,,,,,,116.84
2006-02-10,,,,,,,,120.19
2006-02-17,,,,,,,,133.88
2006-02-24,,,,,,,,128.56
2006-03-03,,,,,,,,121.87
2006-03-10,,,,,,,,116.21
2006-03-17,,,,,,,,130.06
2006-03-24,,,,,,,,124.34
2006-03-31,,,,,,,,115.72
2006-04-07,,,,,,,,115.7
2006-04-14,,,,,,,,117.99
2006-04-21,,,,,,,,122.05
2006-04-28,,,,,,,,125.2
2006-05-05,,,,,,,,128.06
2006-05-12,,,,,,,,123.21
2006-05-19,,,,,,,,136.93
2006-05-26,,,,,,,,128.5
2006-06-02,,,,,,,,127.02
2006-06-09,,,,,,,,118.74
2006-06-16,,,,,,,,128.32
2006-06-23,,,,,,,,122.55
2006-06-30,,,,,,,,118.28
2006-07-07,,,,,,,,114.97
2006-07-14,,,,,,,,117.48
2006-07-21,,,,,,,,118.33
2006-07-28,,,,,,,,121.4
2006-08-04,,,,,,,,117.54
2006-08-11,,,,,,,,118.09
2006-08-18,,,,,,,,125.35
2006-08-25,,,,,,,,125.01
2006-09-01,,,,,,,,124.59
2006-09-08,,,,,,,,124.34
2006-09-15,,,,,,,,135.25
2006-09-22,,,,,,,,118.86
2006-09-29,,,,,,,,120.09
2006-10-06,,,,,,,,117.34
2006-10-13,,,,,,,,118.74
2006-10-20,,,,,,,,117.06
2006-10-27,,,,,,,,111.46
2006-11-03,,,,,,,,112.37
2006-11-10,,,,,,,,113.87
2006-11-17,,,,,,,,117.73
2006-11-24,,,,,,,,118.47
2006-12-01,,,,,,,,126.2
2006-12-08,,,,,,,,124.71
2006-12-15,,,,,,,,129.81
2006-12-22,,,,,,,,121.5
2006-12-29,,,,,,,,121.25
2007-01-05,,,,,,,,117.27
2007-01-12,,,,,,,,119.7
2007-01-19,,,,,,,,127.24
2007-01-26,,,,,,,,120.26
2007-02-02,,,,,,,,121.7
2007-02-09,,,,,,,,121.02
2007-02-16,,,,,,,,121.01
2007-02-23,,,,,,,,117.71
2007-03-02,,,,,,,,118.76
2007-03-09,,,,,,,,121.96
2007-03-16,,,,,,,,128.3
2007-03-23,,,,,,,,125.64
2007-03-30,,,,,,,,120.89
2007-04-06,,,,,,,,125.4
2007-04-13,,,,,,,,128.62
2007-04-20,,,,,,,,128.37
2007-04-27,,,,,,,,124.73
2007-05-04,,,,,,,,123.11
2007-05-11,,,,,,,,121.66
2007-05-18,,,,,,,,126.75
2007-05-25,,,,,,,,124.0
2007-06-01,,,,,,,,124.23
2007-06-08,,,,,,,,122.08
2007-06-15,,,,,,,,121.63
2007-06-22,,,,,,,,116.52
2007-06-29,,,,,,,,115.72
2007-07-06,,,,,,,,120.85
2007-07-13,,,,,,,,119.59
2007-07-20,,,,,,,,117.4
2007-07-27,,,,,,,,113.23
2007-08-03,,,,,,,,117.3
2007-08-10,,,,,,,,116.04
2007-08-17,,,,,,,,126.7
2007-08-24,,,,,,,,122.79
2007-08-31,,,,,,,,117.26
2007-09-07,,,,,,,,116.72
2007-09-14,,,,,,,,117.96
2007-09-21,,,,,,,,121.15
2007-09-28,,,,,,,,119.97
2007-10-05,,,,,,,,119.73
2007-10-12,,,,,,,,119.54
2007-10-19,,,,,,,,114.99
2007-10-26,,,,,,,,116.34
2007-11-02,,,,,,,,116.52
2007-11-09,,,,,,,,115.77
2007-11-16,,,,,,,,119.3
2007-11-23,,,,,,,,111.32
2007-11-30,,,,,,,,111.85
2007-12-07,,,,,,,,112.79
2007-12-14,,,,,,,,111.31
2007-12-21,,,,,,,,115.12
2007-12-28,,,,,,,,112.9
2008-01-04,,,,,,,,109.53
2008-01-11,,,,,,,,108.79
2008-01-18,,,,,,,,110.62
2008-01-25,,,,,,,,112.64
2008-02-01,,,,,,,,114.86
2008-02-08,,,,,,,,111.71
2008-02-15,,,,,,,,112.03
2008-02-22,,,,,,,,113.58
2008-02-29,,,,,,,,110.19
2008-03-07,,,,,,,,110.28
2008-03-14,,,,,,,,110.59
2008-03-21,,,,,,,,113.71
2008-03-28,,,,,,,,110.78
2008-04-04,,,,,,,,111.48
2008-04-11,,,,,,,,109.9
2008-04-18,,,,,,,,115.35
2008-04-25,,,,,,,,114.49
2008-05-02,,,,,,,,117.49
2008-05-09,,,,,,,,117.77
2008-05-16,,,,,,,,119.49
2008-05-23,,,,,,,,113.11
2008-05-30,,,,,,,,113.53
2008-06-06,,,,,,,,113.55
2008-06-13,,,,,,,,113.77
2008-06-20,,,,,,,,113.13
2008-06-27,,,,,,,,110.52
2008-07-04,,,,,,,,111.72
2008-07-11,,,,,,,,110.87
2008-07-18,,,,,,,,113.85
2008-07-25,,,,,,,,113.9
2008-08-01,,,,,,,,111.38
2008-08-08,,,,,,,,113.33
2008-08-15,,,,,,,,113.21
2008-08-22,,,,,,,,111.8
2008-08-29,,,,,,,,110.58
2008-09-05,,,,,,,,109.46
2008-09-12,,,,,,,,110.15
2008-09-19,,,,,,,,114.48
2008-09-26,,,,,,,,110.56
2008-10-03,,,,,,,,114.17
2008-10-10,,,,,,,,107.23
2008-10-17,,,,,,,,118.81
2008-10-24,,,,,,,,116.67
2008-10-31,,,,,,,,122.19
2008-11-07,,,,,,,,122.85
2008-11-14,,,,,,,,118.59
2008-11-21,,,,,,,,118.88
2008-11-28,,,,,,,,113.12
2008-12-05,,,,,,,,116.45
2008-12-12,,,,,,,,116.24
2008-12-19,,,,,,,,118.73
2008-12-26,,,,,,,,112.56
2009-01-02,,,,,,,,124.21
2009-01-09,,,,,,,,118.82
2009-01-16,,,,,,,,126.05
2009-01-23,,,,,,,,121.31
2009-01-30,,,,,,,,115.88
2009-02-06,,,,,,,,122.27
2009-02-13,,,,,,,,120.58
2009-02-20,,,,,,,,119.93
2009-02-27,,,,,,,,114.25
2009-03-06,,,,,,,,115.45
2009-03-13,,,,,,,,113.94
2009-03-20,,,,,,,,117.06
2009-03-27,,,,,,,,111.09
2009-04-03,,,,,,,,112.04
2009-04-10,,,,,,,,108.18
2009-04-17,,,,,,,,111.75
2009-04-24,,,,,,,,114.6
2009-05-01,,,,,,,,115.21
2009-05-08,,,,,,,,114.96
2009-05-15,,,,,,,,119.06
2009-05-22,,,,,,,,118.81
2009-05-29,,,,,,,,122.99
2009-06-05,,,,,,,,118.83
2009-06-12,,,,,,,,120.98
2009-06-19,,,,,,,,123.78
2009-06-26,,,,,,,,115.72
2009-07-03,,,,,,,,115.08
2009-07-10,,,,,,,,113.2
2009-07-17,,,,,,,,116.43
2009-07-24,,,,,,,,114.04
2009-07-31,,,,,,,,108.94
2009-08-07,,,,,,,,113.77
2009-08-14,,,,,,,,118.75
2009-08-21,,,,,,,,122.9
2009-08-28,,,,,,,,117.67
2009-09-04,,,,,,,,119.73
2009-09-11,,,,,,,,120.23
2009-09-18,,,,,,,,117.02
2009-09-25,,,,,,,,118.01
2009-10-02,,,,,,,,118.55
2009-10-09,,,,,,,,120.87
2009-10-16,,,,,,,,119.05
2009-10-23,,,,,,,,117.51
2009-10-30,,,,,,,,122.75
2009-11-06,,,,,,,,120.14
2009-11-13,,,,,,,,120.72
2009-11-20,,,,,,,,120.59
2009-11-27,,,,,,,,120.82
2009-12-04,,,,,,,,118.01
2009-12-11,,,,,,,,121.59
2009-12-18,,,,,,,,122.29
2009-12-25,,,,,,,,128.16
2010-01-01,,,,,,,,123.23
2010-01-08,,,,,,,,120.15
2010-01-15,,,,,,,,124.32
2010-01-22,,,,,,,,122.88
2010-01-29,,,,,,,,117.5
2010-02-05,,,,,,,,118.75
2010-02-12,,,,,,,,113.71
2010-02-19,,,,,,,,118.53
2010-02-26,,,,,,,,120.13
2010-03-05,,,,,,,,118.03
2010-03-12,,,,,,,,118.96
2010-03-19,,,,,,,,121.97
2010-03-26,,,,,,,,123.14
2010-04-02,,,,,,,,123.93
2010-04-09,,,,,,,,124.36
2010-04-16,,,,,,,,131.33
2010-04-23,,,,,,,,126.13
2010-04-30,,,,,,,,125.41
2010-05-07,,,,,,,,123.86
2010-05-14,,,,,,,,128.47
2010-05-21,,,,,,,,125.56
2010-05-28,,,,,,,,123.13
2010-06-04,,,,,,,,121.11
2010-06-11,,,,,,,,122.81
2010-06-18,,,,,,,,122.98
2010-06-25,,,,,,,,119.37
2010-07-02,,,,,,,,114.65
2010-07-09,,,,,,,,117.97
2010-07-16,,,,,,,,118.67
2010-07-23,,,,,,,,119.69
2010-07-30,,,,,,,,119.53
2010-08-06,,,,,,,,119.67
2010-08-13,,,,,,,,115.28
2010-08-20,,,,,,,,119.62
2010-08-27,,,,,,,,116.03
2010-09-03,,,,,,,,119.11
2010-09-10,,,,,,,,121.09
2010-09-17,,,,,,,,124.9
2010-09-24,,,,,,,,123.0
2010-10-01,,,,,,,,119.61
2010-10-08,,,,,,,,117.96
2010-10-15,,,,,,,,121.48
2010-10-22,,,,,,,,117.38
2010-10-29,,,,,,,,116.04
2010-11-05,,,,,,,,116.98
2010-11-12,,,,,,,,121.72
2010-11-19,,,,,,,,121.26
2010-11-26,,,,,,,,119.02
2010-12-03,,,,,,,,120.42
2010-12-10,,,,,,,,123.01
2010-12-17,,,,,,,,125.24
2010-12-24,,,,,,,,125.35
2010-12-31,,,,,,,,120.74
2011-01-07,,,,,,,,121.22
2011-01-14,,,,,,,,123.52
2011-01-21,,,,,,,,133.99
2011-01-28,,,,,,,,128.23
2011-02-04,,,,,,,,127.45
2011-02-11,,,,,,,,131.31
2011-02-18,,,,,,,,136.43
2011-02-25,,,,,,,,128.76
2011-03-04,,,,,,,,125.9
2011-03-11,,,,,,,,118.54
2011-03-18,,,,,,,,126.81
2011-03-25,,,,,,,,121.43
2011-04-01,,,,,,,,128.64
2011-04-08,,,,,,,,125.92
2011-04-15,,,,,,,,130.45
2011-04-22,,,,,,,,131.78
2011-04-29,,,,,,,,127.45
2011-05-06,,,,,,,,124.61
2011-05-13,,,,,,,,121.9
2011-05-20,,,,,,,,129.15
2011-05-27,,,,,,,,123.58
2011-06-03,,,,,,,,116.8
2011-06-10,,,,,,,,122.65
2011-06-17,,,,,,,,120.06
2011-06-24,,,,,,,,115.92
2011-07-01,,,,,,,,119.63
2011-07-08,,,,,,,,119.68
2011-07-15,,,,,,,,129.24
2011-07-22,,,,,,,,121.59
2011-07-29,,,,,,,,120.65
2011-08-05,,,,,,,,119.36
2011-08-12,,,,,,,,119.79
2011-08-19,,,,,,,,124.05
2011-08-26,,,,,,,,122.97
2011-09-02,,,,,,,,119.33
2011-09-09,,,,,,,,116.9
2011-09-16,,,,,,,,123.27
2011-09-23,,,,,,,,118.24
2011-09-30,,,,,,,,114.83
2011-10-07,,,,,,,,116.1
2011-10-14,,,,,,,,121.9
2011-10-21,,,,,,,,127.19
2011-10-28,,,,,,,,121.18
2011-11-04,,,,,,,,123.56
2011-11-11,,,,,,,,124.56
2011-11-18,,,,,,,,120.04
2011-11-25,,,,,,,,114.77
2011-12-02,,,,,,,,116.31
2011-12-09,,,,,,,,116.83
2011-12-16,,,,,,,,119.22
2011-12-23,,,,,,,,117.14
2011-12-30,,,,,,,,116.21
2012-01-06,,,,,,,,118.29
2012-01-13,,,,,,,,121.92
2012-01-20,,,,,,,,129.24
2012-01-27,,,,,,,,121.5
2012-02-03,,,,,,,,122.14
2012-02-10,,,,,,,,129.59
2012-02-17,,,,,,,,129.54
2012-02-24,,,,,,,,128.72
2012-03-02,,,,,,,,125.2
2012-03-09,,,,,,,,124.78
2012-03-16,,,,,,,,138.43
2012-03-23,,,,,,,,122.98
2012-03-30,,,,,,,,124.97
2012-04-06,,,,,,,,120.61
2012-04-13,,,,,,,,118.19
2012-04-20,,,,,,,,118.05
2012-04-27,,,,,,,,120.08
2012-05-04,,,,,,,,115.83
2012-05-11,,,,,,,,114.7
2012-05-18,,,,,,,,119.28
2012-05-25,,,,,,,,120.38
2012-06-01,,,,,,,,116.35
2012-06-08,,,,,,,,122.09
2012-06-15,,,,,,,,126.08
2012-06-22,,,,,,,,116.37
2012-06-29,,,,,,,,119.09
2012-07-06,,,,,,,,118.45
2012-07-13,,,,,,,,119.13
2012-07-20,,,,,,,,116.52
2012-07-27,,,,,,,,114.4
2012-08-03,,,,,,,,120.25
2012-08-10,,,,,,,,117.89
2012-08-17,,,,,,,,123.79
2012-08-24,,,,,,,,123.74
2012-08-31,,,,,,,,120.78
2012-09-07,,,,,,,,120.7
2012-09-14,,,,,,,,117.26
2012-09-21,,,,,,,,130.6
2012-09-28,,,,,,,,125.87
2012-10-05,,,,,,,,123.85
2012-10-12,,,,,,,,120.97
2012-10-19,,,,,,,,125.39
2012-10-26,,,,,,,,119.31
2012-11-02,,,,,,,,115.78
2012-11-09,,,,,,,,115.4
2012-11-16,,,,,,,,115.85
2012-11-23,,,,,,,,117.82
2012-11-30,,,,,,,,117.07
2012-12-07,,,,,,,,115.23
2012-12-14,,,,,,,,118.92
2012-12-21,,,,,,,,127.08
2012-12-28,,,,,,,,118.38
2013-01-04,,,,,,,,115.53
2013-01-11,,,,,,,,119.14
2013-01-18,,,,,,,,124.79
2013-01-25,,,,,,,,124.71
2013-02-01,,,,,,,,122.55
2013-02-08,,,,,,,,125.67
2013-02-15,,,,,,,,130.46
2013-02-22,,,,,,,,125.37
2013-03-01,,,,,,,,128.19
2013-03-08,,,,,,,,124.46
2013-03-15,,,,,,,,129.12
2013-03-22,,,,,,,,122.18
2013-03-29,,,,,,,,122.93
2013-04-05,,,,,,,,118.34
2013-04-12,,,,,,,,117.84
2013-04-19,,,,,,,,122.61
2013-04-26,,,,,,,,118.86
2013-05-03,,,,,,,,118.18
2013-05-10,,,,,,,,117.97
2013-05-17,,,,,,,,127.85
2013-05-24,,,,,,,,118.17
2013-05-31,,,,,,,,119.51
2013-06-07,,,,,,,,116.2
2013-06-14,,,,,,,,116.29
2013-06-21,,,,,,,,117.36
2013-06-28,,,,,,,,116.53
2013-07-05,,,,,,,,117.12
2013-07-12,,,,,,,,113.27
2013-07-19,,,,,,,,113.07
2013-07-26,,,,,,,,118.23
2013-08-02,,,,,,,,116.89
2013-08-09,,,,,,,,122.3
2013-08-16,,,,,,,,117.21
2013-08-23,,,,,,,,120.13
2013-08-30,,,,,,,,117.48
2013-09-06,,,,,,,,118.67
2013-09-13,,,,,,,,120.12
2013-09-20,,,,,,,,115.87
2013-09-27,,,,,,,,124.48
2013-10-04,,,,,,,,123.98
2013-10-11,,,,,,,,130.97
2013-10-18,,,,,,,,131.35
2013-10-25,,,,,,,,135.06
2013-11-01,,,,,,,,129.84
2013-11-08,,,,,,,,126.37
2013-11-15,,,,,,,,133.46
2013-11-22,,,,,,,,133.76
2013-11-29,,,,,,,,130.82
2013-12-06,,,,,,,,132.32
2013-12-13,,,,,,,,126.22
2013-12-20,,,,,,,,143.2
2013-12-27,,,,,,,,136.72
2014-01-03,,,,,,,,134.46
2014-01-10,,,,,,,,126.15
2014-01-17,,,,,,,,139.62
2014-01-24,,,,,,,,131.61
2014-01-31,,,,,,,,128.37
2014-02-07,,,,,,,,129.01
2014-02-14,,,,,,,,129.25
2014-02-21,,,,,,,,138.79
2014-02-28,,,,,,,,137.17
2014-03-07,,,,,,,,130.49
2014-03-14,,,,,,,,126.26
2014-03-21,,,,,,,,132.82
2014-03-28,,,,,,,,124.98
2014-04-04,,,,,,,,126.61
2014-04-11,,,,,,,,122.59
2014-04-18,,,,,,,,127.93
2014-04-25,,,,,,,,121.95
2014-05-02,,,,,,,,124.13
2014-05-09,,,,,,,,125.6
2014-05-16,,,,,,,,127.23
2014-05-23,,,,,,,,125.13
2014-05-30,,,,,,,,124.23
2014-06-06,,,,,,,,122.88
2014-06-13,,,,,,,,127.78
2014-06-20,,,,,,,,143.26
2014-06-27,,,,,,,,135.36
2014-07-04,,,,,,,,142.28
2014-07-11,,,,,,,,138.74
2014-07-18,,,,,,,,141.19
2014-07-25,,,,,,,,135.26
2014-08-01,,,,,,,,128.93
2014-08-08,,,,,,,,120.36
2014-08-15,,,,,,,,135.43
2014-08-22,,,,,,,,135.1
2014-08-29,,,,,,,,127.01
2014-09-05,,,,,,,,137.49
2014-09-12,,,,,,,,127.37
2014-09-19,,,,,,,,146.08
2014-09-26,,,,,,,,130.49
2014-10-03,,,,,,,,122.53
2014-10-10,,,,,,,,130.82
2014-10-17,,,,,,,,131.71
2014-10-24,,,,,,,,125.57
2014-10-31,,,,,,,,124.75
2014-11-07,,,,,,,,127.08
2014-11-14,,,,,,,,128.68
2014-11-21,,,,,,,,138.46
2014-11-28,,,,,,,,131.89
2014-12-05,,,,,,,,131.41
2014-12-12,,,,,,,,131.47
2014-12-19,,,,,,,,138.63
2014-12-26,,,,,,,,135.03
2015-01-02,,,,,,,,128.66
2015-01-09,,,,,,,,121.69
2015-01-16,,,,,,,,131.39
2015-01-23,,,,,,,,132.09
2015-01-30,,,,,,,,125.36
2015-02-06,,,,,,,,125.62
2015-02-13,,,,,,,,126.04
2015-02-20,,,,,,,,125.24
2015-02-27,,,,,,,,126.4
2015-03-06,,,,,,,,124.65
2015-03-13,,,,,,,,120.6
2015-03-20,,,,,,,,131.09
2015-03-27,,,,,,,,121.8
2015-04-03,,,,,,,,119.92
2015-04-10,,,,,,,,127.22
2015-04-17,,,,,,,,122.24
2015-04-24,,,,,,,,119.95
2015-05-01,,,,,,,,122.37
2015-05-08,,,,,,,,122.93
2015-05-15,,,,,,,,127.56
2015-05-22,,,,,,,,124.86
2015-05-29,,,,,,,,122.5
2015-06-05,,,,,,,,119.62
2015-06-12,,,,,,,,119.26
2015-06-19,,,,,,,,119.5
2015-06-26,,,,,,,,123.07
2015-07-03,,,,,,,,121.52
2015-07-10,,,,,,,,118.52
2015-07-17,,,,,,,,127.91
2015-07-24,,,,,,,,126.32
2015-07-31,,,,,,,,124.2
2015-08-07,,,,,,,,117.82
2015-08-14,,,,,,,,119.37
2015-08-21,,,,,,,,130.04
2015-08-28,,,,,,,,130.38
2015-09-04,,,,,,,,142.19
2015-09-11,,,,,,,,118.18
2015-09-18,,,,,,,,119.47
2015-09-25,,,,,,,,135.16
2015-10-02,,,,,,,,115.75
2015-10-09,,,,,,,,134.66
2015-10-16,,,,,,,,135.04
2015-10-23,,,,,,,,135.62
2015-10-30,,,,,,,,125.77
2015-11-06,,,,,,,,137.75
2015-11-13,,,,,,,,139.5
2015-11-20,,,,,,,,126.86
2015-11-27,,,,,,,,137.66
2015-12-04,,,,,,,,136.31
2015-12-11,,,,,,,,146.53
2015-12-18,,,,,,,,140.84
2015-12-25,,,,,,,,128.78
2016-01-01,,,,,,,,124.43
2016-01-08,,,,,,,,138.83
2016-01-15,,,,,,,,145.03
2016-01-22,,,,,,,,133.64
2016-01-29,,,,,,,,120.86
2016-02-05,,,,,,,,119.01
2016-02-12,,,,,,,,117.75
2016-02-19,,,,,,,,123.61
2016-02-26,,,,,,,,118.65
2016-03-04,,,,,,,,121.65
2016-03-11,,,,,,,,128.99
2016-03-18,,,,,,,,126.75
2016-03-25,,,,,,,,119.02
2016-04-01,,,,,,,,124.03
2016-04-08,,,,,,,,113.84
2016-04-15,,,,,,,,123.1
2016-04-22,,,,,,,,123.25
2016-04-29,,,,,,,,126.49
2016-05-06,,,,,,,,120.82
2016-05-13,,,,,,,,121.46
2016-05-20,,,,,,,,125.61
2016-05-27,,,,,,,,129.61
2016-06-03,,,,,,,,125.04
2016-06-10,,,,,,,,133.67
2016-06-17,,,,,,,,137.94
2016-06-24,,,,,,,,142.92
2016-07-01,,,,,,,,128.53
2016-07-08,,,,,,,,127.2
2016-07-15,,,,,,,,129.76
2016-07-22,,,,,,,,128.36
2016-07-29,,,,,,,,128.25
2016-08-05,,,,,,,,130.6
2016-08-12,,,,,,,,132.13
2016-08-19,,,,,,,,136.58
2016-08-26,,,,,,,,132.4
2016-09-02,,,,,,,,128.4
2016-09-09,,,,,,,,125.25
2016-09-16,,,,,,,,125.25
2016-09-23,,,,,,,,125.13
2016-09-30,,,,,,,,124.58
2016-10-07,,,,,,,,119.95
2016-10-14,,,,,,,,121.86
2016-10-21,,,,,,,,123.0
2016-10-28,,,,,,,,126.35
2016-11-04,,,,,,,,133.03
2016-11-11,,,,,,,,121.71
2016-11-18,,,,,,,,126.38
2016-11-25,,,,,,,,126.27
2016-12-02,,,,,,,,128.99
2016-12-09,,,,,,,,119.51
2016-12-16,,,,,,,,131.95
2016-12-23,,,,,,,,120.51
2016-12-30,,,,,,,,127.26
2017-01-06,,,,,,,,123.67
2017-01-13,,,,,,,,132.32
2017-01-20,,,,,,,,146.33
2017-01-27,,,,,,,,129.95
2017-02-03,,,,,,,,133.25
2017-02-10,,,,,,,,130.47
2017-02-17,,,,,,,,141.13
2017-02-24,,,,,,,,138.66
2017-03-03,,,,,,,,136.1
2017-03-10,,,,,,,,138.99
2017-03-17,,,,,,,,154.34
2017-03-24,,,,,,,,136.62
2017-03-31,,,,,,,,138.31
2017-04-07,,,,,,,,132.7
2017-04-14,,,,,,,,134.36
2017-04-21,,,,,,,,148.42
2017-04-28,,,,,,,,146.98
2017-05-05,,,,,,,,131.36
2017-05-12,,,,,,,,129.65
2017-05-19,,,,,,,,131.39
2017-05-26,,,,,,,,125.41
2017-06-02,,,,,,,,124.23
2017-06-09,,,,,,,,131.26
2017-06-16,,,,,,,,135.02
2017-06-23,,,,,,,,132.76
2017-06-30,,,,,,,,129.51
2017-07-07,,,,,,,,131.58
2017-07-14,,,,,,,,137.71
2017-07-21,,,,,,,,134.53
2017-07-28,,,,,,,,139.91
2017-08-04,,,,,,,,139.81
2017-08-11,,,,,,,,135.43
2017-08-18,,,,,,,,128.86
2017-08-25,,,,,,,,130.16
2017-09-01,,,,,,,,134.85
2017-09-08,,,,,,,,130.57
2017-09-15,,,,,,,,144.54
2017-09-22,,,,,,,,137.5
2017-09-29,,,,,,,,137.75
2017-10-06,,,,,,,,140.35
2017-10-13,,,,,,,,138.28
2017-10-20,,,,,,,,148.81
2017-10-27,,,,,,,,135.7
2017-11-03,,,,,,,,130.34
2017-11-10,,,,,,,,130.56
2017-11-17,,,,,,,,137.19
2017-11-24,,,,,,,,130.98
2017-12-01,,,,,,,,128.83
2017-12-08,,,,,,,,132.54
2017-12-15,,,,,,,,135.73
2017-12-22,,,,,,,,134.4
2017-12-29,,,,,,,,137.05
2018-01-05,,,,,,,,127.03
2018-01-12,,,,,,,,124.95
2018-01-19,,,,,,,,132.28
2018-01-26,,,,,,,,117.99
2018-02-02,,,,,,,,126.45
2018-02-09,,,,,,,,128.51
2018-02-16,,,,,,,,137.8
2018-02-23,,,,,,,,139.2
2018-03-02,,,,,,,,127.48
2018-03-09,,,,,,,,127.79
2018-03-16,,,,,,,,147.35
2018-03-23,,,,,,,,130.79
2018-03-30,,,,,,,,119.34
2018-04-06,,,,,,,,122.39
2018-04-13,,,,,,,,126.0
2018-04-20,,,,,,,,133.07
2018-04-27,,,,,,,,128.4
2018-05-04,,,,,,,,127.37
2018-05-11,,,,,,,,131.59
2018-05-18,,,,,,,,133.32
2018-05-25,,,,,,,,140.78
2018-06-01,,,,,,,,134.53
2018-06-08,,,,,,,,133.11
2018-06-15,,,,,,,,140.92
2018-06-22,,,,,,,,140.54
2018-06-29,,,,,,,,141.72
2018-07-06,,,,,,,,141.02
2018-07-13,,,,,,,,142.48
2018-07-20,,,,,,,,152.72
2018-07-27,,,,,,,,144.57
2018-08-03,,,,,,,,146.19
2018-08-10,,,,,,,,149.2
2018-08-17,,,,,,,,146.01
2018-08-24,,,,,,,,148.2
2018-08-31,,,,,,,,146.91
2018-09-07,,,,,,,,145.87
2018-09-14,,,,,,,,151.59
2018-09-21,,,,,,,,141.55
2018-09-28,,,,,,,,144.43
2018-10-05,,,,,,,,130.28
2018-10-12,,,,,,,,125.51
2018-10-19,,,,,,,,124.94
2018-10-26,,,,,,,,121.7
2018-11-02,,,,,,,,115.73
2018-11-09,,,,,,,,120.06
2018-11-16,,,,,,,,118.71
2018-11-23,,,,,,,,117.21
2018-11-30,,,,,,,,114.71
2018-12-07,,,,,,,,114.3
2018-12-14,,,,,,,,118.6
2018-12-21,,,,,,,,122.17
2018-12-28,,,,,,,,117.26
2019-01-04,,,,,,,,111.44
2019-01-11,,,,,,,,119.09
2019-01-18,,,,,,,,131.19
2019-01-25,,,,,,,,126.11
2019-02-01,,,,,,,,126.03
2019-02-08,,,,,,,,127.72
2019-02-15,,,,,,,,129.55
2019-02-22,,,,,,,,121.08
2019-03-01,,,,,,,,126.97
2019-03-08,,,,,,,,125.73
2019-03-15,,,,,,,,128.76
2019-03-22,,,,,,,,117.55
2019-03-29,,,,,,,,120.96
2019-04-05,,,,,,,,128.75
2019-04-12,,,,,,,,124.22
2019-04-19,,,,,,,,123.6
2019-04-26,,,,,,,,126.29
2019-05-03,,,,,,,,122.22
2019-05-10,,,,,,,,118.54
2019-05-17,,,,,,,,118.69
2019-05-24,,,,,,,,114.12
2019-05-31,,,,,,,,112.65
2019-06-07,,,,,,,,114.67
2019-06-14,,,,,,,,113.16
2019-06-21,,,,,,,,118.46
2019-06-28,,,,,,,,118.12
2019-07-05,,,,,,,,120.82
2019-07-12,,,,,,,,123.65
2019-07-19,,,,,,,,125.5
2019-07-26,,,,,,,,123.27
2019-08-02,,,,,,,,117.25
2019-08-09,,,,,,,,116.34
2019-08-16,,,,,,,,115.84
2019-08-23,,,,,,,,112.62
2019-08-30,,,,,,,,115.37
2019-09-06,,,,,,,,118.87
2019-09-13,,,,,,,,118.4
2019-09-20,,,,,,,,117.5
2019-09-27,,,,,,,,116.61
2019-10-04,,,,,,,,114.54
2019-10-11,,,,,,,,122.4
2019-10-18,,,,,,,,126.24
2019-10-25,,,,,,,,125.7
2019-11-01,,,,,,,,126.88
2019-11-08,,,,,,,,123.3
2019-11-15,,,,,,,,124.95
2019-11-22,,,,,,,,125.53
2019-11-29,,,,,,,,129.83
2019-12-06,,,,,,,,131.48
2019-12-13,,,,,,,,144.51
2019-12-20,,,,,,,,147.17
2019-12-27,,,,,,,,140.29
2020-01-03,,,,,,,,133.46
2020-01-10,,,,,,,,128.15
2020-01-17,,,,,,,,134.62
2020-01-24,,,,,,,,127.02
2020-01-31,,,,,,,,135.73
2020-02-07,,,,,,,,132.21
2020-02-14,,,,,,,,132.67
2020-02-21,,,,,,,,135.14
2020-02-28,,,,,,,,130.82
2020-03-06,,,,,,,,126.08
2020-03-13,,,,,,,,132.37
2020-03-20,,,,,,,,118.12
2020-03-27,,,,,,,,117.41
2020-04-03,,,,,,,,120.57
2020-04-10,,,,,,,,120.85
2020-04-17,,,,,,,,126.43
2020-04-24,,,,,,,,126.51
2020-05-01,,,,,,,,129.97
2020-05-08,,,,,,,,132.21
2020-05-15,,,,,,,,124.47
2020-05-22,,,,,,,,125.78
2020-05-29,,,,,,,,131.72
2020-06-05,,,,,,,,129.87
2020-06-12,,,,,,,,133.54
2020-06-19,,,,,,,,125.38
2020-06-26,,,,,,,,137.47
2020-07-03,,,,,,,,146.34
2020-07-10,,,,,,,,135.68
2020-07-17,,,,,,,,140.81
2020-07-24,,,,,,,,139.4
2020-07-31,,,,,,,,141.56
2020-08-07,,,,,,,,139.75
2020-08-14,,,,,,,,136.82
2020-08-21,,,,,,,,146.73
2020-08-28,,,,,,,,145.73
2020-09-04,,,,,,,,133.28
2020-09-11,,,,,,,,125.42
2020-09-18,,,,,,,,132.09
2020-09-25,,,,,,,,129.26
2020-10-02,,,,,,,,119.12
2020-10-09,,,,,,,,121.93
2020-10-16,,,,,,,,123.7
2020-10-23,,,,,,,,126.7
2020-10-30,,,,,,,,129.01
2020-11-06,,,,,,,,124.56
2020-11-13,,,,,,,,129.33
2020-11-20,,,,,,,,133.54
2020-11-27,,,,,,,,132.43
2020-12-04,,,,,,,,133.08
2020-12-11,,,,,,,,139.92
2020-12-18,,,,,,,,147.02
2020-12-25,,,,,,,,148.27
2021-01-01,,,,,,,,147.83
2021-01-08,,,,,,,,139.25
2021-01-15,,,,,,,,136.7
2021-01-22,,,,,,,,145.55
2021-01-29,,,,,,,,134.3
2021-02-05,,,,,,,,135.09
2021-02-12,,,,,,,,137.66
2021-02-19,,,,,,,,141.53
2021-02-26,,,,,,,,136.23
2021-03-05,,,,,,,,135.9
2021-03-12,,,,,,,,140.29
2021-03-19,,,,,,,,141.47
2021-03-26,,,,,,,,145.46
2021-04-02,,,,,,,,136.29
2021-04-09,,,,,,,,132.88
2021-04-16,,,,,,,,138.33
2021-04-23,,,,,,,,140.09
2021-04-30,,,,,,,,146.32
2021-05-07,,,,,,,,145.76
2021-05-14,,,,,,,,139.05
2021-05-21,,,,,,,,144.51
2021-05-28,,,,,,,,155.31
2021-06-04,,,,,,,,147.76
2021-06-11,,,,,,,,159.28
2021-06-18,,,,,,,,150.78
2021-06-25,,,,,,,,170.55
2021-07-02,,,,,,,,157.94
2021-07-09,,,,,,,,155.7
2021-07-16,,,,,,,,151.94
2021-07-23,,,,,,,,159.44
2021-07-30,,,,,,,,153.71
2021-08-06,,,,,,,,150.96
2021-08-13,,,,,,,,159.66
2021-08-20,,,,,,,,153.51
2021-08-27,,,,,,,,162.43
2021-09-03,,,,,,,,162.27
2021-09-10,,,,,,,,151.16
2021-09-17,,,,,,,,149.52
2021-09-24,,,,,,,,145.67
2021-10-01,,,,,,,,135.05
2021-10-08,,,,,,,,134.46
2021-10-15,,,,,,,,147.27
2021-10-22,,,,,,,,139.34
2021-10-29,,,,,,,,148.09
2021-11-05,,,,,,,,148.83
2021-11-12,,,,,,,,144.37
2021-11-19,,,,,,,,148.44
2021-11-26,,,,,,,,148.27
2021-12-03,,,,,,,,149.64
2021-12-10,,,,,,,,147.34
2021-12-17,,,,,,,,134.94
2021-12-24,,,,,,,,150.26
2021-12-31,,,,,,,,154.38
2022-01-07,,,,,,,,139.14
2022-01-14,,,,,,,,133.85
2022-01-21,,,,,,,,136.18
2022-01-28,,,,,,,,132.96
2022-02-04,,,,,,,,129.29
2022-02-11,,,,,,,,126.81
2022-02-18,,,,,,,,128.36
2022-02-25,,,,,,,,132.51
2022-03-04,,,,,,,,134.98
2022-03-11,,,,,,,,130.7
2022-03-18,,,,,,,,136.64
2022-03-25,,,,,,,,140.26
2022-04-01,,,,,,,,145.51
2022-04-08,,,,,,,,141.51
2022-04-15,,,,,,,,134.39
2022-04-22,,,,,,,,136.22
2022-04-29,,,,,,,,136.69
2022-05-06,,,,,,,,126.21
2022-05-13,,,,,,,,122.09
2022-05-20,,,,,,,,122.32
2022-05-27,,,,,,,,121.25
2022-06-03,,,,,,,,122.25
2022-06-10,,,,,,,,121.64
2022-06-17,,,,,,,,121.15
2022-06-24,,,,,,,,120.43
2022-07-01,,,,,,,,118.59
2022-07-08,,,,,,,,118.13
2022-07-15,,,,,,,,122.48
2022-07-22,,,,,,,,119.15
2022-07-29,,,,,,,,122.29
2022-08-05,,,,,,,,125.97
2022-08-12,,,,,,,,129.34
2022-08-19,,,,,,,,123.68
2022-08-26,,,,,,,,124.57
2022-09-02,,,,,,,,119.81
2022-09-09,,,,,,,,119.66
2022-09-16,,,,,,,,117.71
2022-09-23,,,,,,,,118.99
2022-09-30,,,,,,,,123.59
2022-10-07,,,,,,,,121.81
2022-10-14,,,,,,,,119.3
2022-10-21,,,,,,,,116.19
2022-10-28,,,,,,,,112.06
2022-11-04,,,,,,,,111.62
2022-11-11,,,,,,,,114.09
2022-11-18,,,,,,,,114.97
2022-11-25,,,,,,,,128.11
2022-12-02,,,,,,,,118.11
2022-12-09,,,,,,,,119.24
2022-12-16,,,,,,,,120.04
2022-12-23,,,,,,,,114.57
2022-12-30,,,,,,,,113.57
2023-01-06,,,,,,,,113.86
2023-01-13,,,,,,,,121.7
2023-01-20,,,,,,,,120.19
2023-01-27,,,,,,,,121.97
2023-02-03,,,,,,,,123.08
2023-02-10,,,,,,,,120.88
2023-02-17,,,,,,,,122.89
2023-02-24,,,,,,,,121.22
2023-03-03,,,,,,,,118.14
2023-03-10,,,,,,,,130.27
2023-03-17,,,,,,,,131.34
2023-03-24,,,,,,,,126.88
2023-03-31,,,,,,,,125.85
2023-04-07,,,,,,,,124.42
2023-04-14,,,,,,,,134.65
2023-04-21,,,,,,,,132.94
2023-04-28,,,,,,,,138.44
2023-05-05,,,,,,,,134.32
2023-05-12,,,,,,,,140.26
2023-05-19,,,,,,,,135.52
2023-05-26,,,,,,,,146.46
2023-06-02,,,,,,,,142.61
2023-06-09,,,,,,,,152.78
2023-06-16,,,,,,,,143.07
2023-06-23,,,,,,,,137.85
2023-06-30,,,,,,,,149.96
2023-07-07,,,,,,,,148.13
2023-07-14,,,,,,,,149.48
2023-07-21,,,,,,,,142.55
2023-07-28,,,,,,,,143.48
2023-08-04,,,,,,,,153.35
2023-08-11,,,,,,,,135.16
2023-08-18,,,,,,,,134.77
2023-08-25,,,,,,,,132.27
2023-09-01,,,,,,,,144.28
2023-09-08,,,,,,,,138.18
2023-09-15,,,,,,,,142.92
2023-09-22,,,,,,,,137.74
2023-09-29,,,,,,,,134.5
2023-10-06,,,,,,,,129.36
2023-10-13,,,,,,,,144.3
2023-10-20,,,,,,,,136.74
2023-10-27,,,,,,,,132.74
2023-11-03,,,,,,,,140.09
2023-11-10,,,,,,,,139.81
2023-11-17,,,,,,,,146.88
2023-11-24,,,,,,,,144.54
2023-12-01,,,,,,,,138.04
2023-12-08,,,,,,,,134.1
2023-12-15,,,,,,,,153.26
2023-12-22,,,,,,,,134.46
2023-12-29,,,,,,,,138.05
2024-01-05,,,,,,,,132.68
2024-01-12,,,,,,,,143.81
2024-01-19,,,,,,,,147.76
2024-01-26,,,,,,,,151.36
2024-02-02,,,,,,,,160.02
2024-02-09,,,,,,,,156.62
2024-02-16,,,,,,,,142.62
2024-02-23,,,,,,,,144.0
2024-03-01,,,,,,,,150.42
2024-03-08,,,,,,,,141.18
2024-03-15,,,,,,,,138.91
2024-03-22,,,,,,,,155.84
2024-03-29,,,,,,,,155.44
2024-04-05,,,,,,,,142.64
2024-04-12,,,,,,,,142.31
2024-04-19,,,,,,,,133.4
2024-04-26,,,,,,,,140.86
2024-05-03,,,,,,,,135.18
2024-05-10,,,,,,,,137.3
2024-05-17,,,,,,,,143.05
2024-05-24,,,,,,,,155.86
2024-05-31,,,,,,,,148.1
2024-06-07,,,,,,,,139.61
2024-06-14,,,,,,,,156.18
2024-06-21,,,,,,,,151.79
2024-06-28,,,,,,,,141.79
2024-07-05,,,,,,,,150.2
2024-07-12,,,,,,,,150.86
2024-07-19,,,,,,,,146.99
2024-07-26,,,,,,,,131.73
2024-08-02,,,,,,,,139.65
2024-08-09,20.37,24.94,17.8,33.37,28.28,19.29,114.63,144.52
2024-08-16,14.8,19.94,20.09,31.0,26.4,15.76,103.42,142.55
2024-08-23,15.86,21.11,17.49,30.54,26.24,14.1,99.22,153.95
2024-08-30,15.0,19.29,16.4,33.36,26.45,16.11,93.73,159.0
2024-09-06,22.38,25.64,16.49,37.58,28.45,31.33,119.33,148.98
2024-09-13,16.56,21.28,16.88,35.22,25.65,18.11,101.88,149.99
2024-09-20,16.15,20.35,17.08,32.22,26.89,17.32,94.27,165.75
2024-09-27,16.96,20.04,18.59,39.62,27.3,16.49,101.34,160.99
2024-10-04,19.21,21.64,17.48,46.37,31.63,17.48,110.63,156.43
2024-10-11,20.46,23.29,17.27,52.68,31.69,20.28,113.99,159.43
2024-10-18,18.03,21.76,17.77,47.22,29.16,17.6,100.95,155.55
2024-10-25,20.33,23.24,18.88,48.97,29.52,20.16,117.5,148.91
2024-11-01,21.88,23.74,19.29,44.14,35.15,21.67,119.12,146.66
2024-11-08,14.94,17.88,15.91,38.76,31.67,15.05,87.76,150.34
2024-11-15,16.14,19.83,17.17,35.07,30.98,17.54,98.93,149.55
2024-11-22,15.24,18.57,17.54,35.74,29.43,17.72,95.13,161.64
2024-11-29,13.51,16.07,16.37,34.95,33.82,15.01,86.32,167.94
2024-12-06,12.77,15.15,15.04,30.98,31.34,17.07,87.38,168.05
2024-12-13,13.81,16.61,15.63,34.92,33.96,14.8,96.5,169.91
2024-12-20,18.36,21.49,15.73,29.27,36.02,27.0,114.01,161.21
2024-12-27,15.95,18.54,14.67,30.21,32.83,15.53,98.81,167.92
2025-01-03,16.13,19.12,14.49,29.98,31.93,16.24,94.36,157.32
2025-01-10,19.54,21.73,15.77,33.91,29.12,16.13,115.49,151.45
2025-01-17,15.97,18.96,14.98,33.52,28.16,16.29,101.61,165.35
2025-01-24,14.85,18.22,14.85,29.98,25.83,12.65,100.41,173.16
2025-01-31,16.43,20.11,15.82,29.96,27.16,13.66,101.5,158.47
2025-02-07,16.54,19.18,16.23,29.66,27.8,14.47,101.49,166.53
2025-02-14,14.77,18.03,17.23,28.46,28.84,13.49,96.9,167.97
2025-02-21,18.21,20.96,16.55,35.79,27.96,16.22,105.71,165.0
2025-02-28,19.63,22.66,15.82,29.97,29.07,15.27,108.99,157.94
2025-03-07,23.37,25.55,16.19,29.75,29.75,15.82,115.73,139.94
2025-03-14,21.77,25.79,17.13,33.52,30.47,17.83,98.23,130.3
2025-03-21,19.28,22.92,15.98,28.43,28.31,18.57,87.99,141.73
2025-03-28,21.65,25.06,16.45,28.7,28.63,17.29,102.44,139.04
2025-04-04,45.31,37.65,22.03,44.72,39.11,25.62,147.16,136.54
2025-04-11,37.56,39.95,28.44,50.88,39.24,30.16,147.35,128.64
2025-04-18,29.65,32.83,24.14,41.27,35.47,21.63,116.26,130.02
2025-04-25,24.84,28.37,23.36,43.53,33.47,20.36,98.95,132.37
2025-05-02,22.68,25.73,21.35,50.59,29.05,20.68,97.26,134.78
2025-05-09,21.9,25.5,21.86,39.82,29.33,18.47,96.35,128.4
2025-05-16,17.24,21.2,21.47,37.88,28.8,15.8,94.94,136.01
2025-05-23,22.29,25.29,22.28,43.13,31.21,17.78,109.76,139.34
2025-05-30,18.57,20.87,19.1,40.71,27.09,16.28,95.15,138.25
2025-06-06,16.77,19.81,19.16,35.72,27.43,15.77,89.45,138.85
2025-06-13,20.82,22.41,21.16,57.23,26.99,17.33,113.37,149.65
2025-06-20,20.62,22.23,19.27,64.67,26.03,16.83,108.86,149.19
2025-06-27,16.32,18.89,16.49,41.23,25.9,16.15,91.84,143.44
2025-07-04,16.38,19.47,16.19,37.75,24.93,18.62,90.6,141.36
2025-07-11,16.4,19.04,16.94,37.06,26.8,15.17,93.53,144.96
2025-07-18,16.41,18.61,16.73,32.17,28.17,16.18,93.15,150.45
2025-07-25,14.93,17.16,17.05,32.88,28.74,15.13,90.59,145.57
2025-08-01,20.38,21.54,17.3,39.37,26.04,17.36,109.79,155.49
2025-08-08,15.15,17.29,16.36,34.06,24.34,14.59,93.14,147.53
2025-08-15,15.09,17.5,15.22,37.22,24.38,15.05,97.85,153.79
2025-08-22,14.22,18.06,15.15,30.35,25.17,12.99,89.78,146.39
2025-08-29,15.36,19.11,17.39,32.63,24.65,15.2,97.17,152.1
2025-09-05,15.18,18.44,18.3,33.33,26.3,14.91,93.06,148.16
2025-09-12,14.76,18.18,16.38,31.77,25.08,14.06,96.78,149.49
2025-09-19,15.45,18.74,16.76,30.53,25.48,18.2,96.9,146.97
2025-09-26,15.29,19.33,18.59,35.85,26.23,14.48,93.4,141.51
2025-10-03,16.65,20.08,17.66,36.5,25.53,14.27,94.79,144.65
2025-10-10,21.66,25.23,23.78,37.73,28.85,18.47,116.25,138.86
2025-10-17,20.78,24.97,31.2,37.24,26.69,16.62,115.63,147.63
2025-10-24,16.37,20.61,24.75,38.7,25.44,14.13,98.03,153.49
2025-10-31,17.44,21.99,22.66,36.2,26.42,16.12,104.46,142.78
2025-11-07,19.08,24.58,20.36,33.33,27.27,18.15,103.6,141.27
2025-11-14,19.83,26.15,24.13,33.12,29.16,17.5,107.95,137.93
2025-11-21,23.43,28.95,21.93,35.97,31.26,19.95,118.34,148.34
2025-11-28,16.35,21.17,22.87,35.95,29.27,15.95,90.34,143.0
2025-12-05,15.41,19.62,19.92,32.06,35.98,14.7,90.65,148.83
2025-12-12,15.74,20.62,21.46,29.93,29.39,14.23,97.33,153.59
2025-12-19,14.91,18.52,20.72,33.62,26.76,14.07,83.87,155.87
2025-12-26,13.6,17.38,25.78,32.22,26.13,13.18,84.24,151.45
2026-01-02,14.51,19.75,23.8,28.4,26.29,14.84,90.1,141.86
2026-01-09,14.49,19.06,23.43,36.8,25.82,13.53,88.19,146.04
2026-01-16,15.86,20.29,22.23,43.19,24.09,13.21,102.05,153.59
2026-01-23,16.09,20.37,30.01,47.64,31.42,13.98,101.83,144.02
2026-01-30,17.44,22.52,44.08,55.91,32.38,17.29,108.18,143.65
2026-02-06,20.37,24.3,33.96,53.18,32.42,17.1,100.99,140.31
2026-02-13,20.6,26.37,30.84,42.18,33.26,18.43,115.52,139.35
2026-02-20,19.09,24.23,36.44,56.12,32.98,18.16,108.71,145.52
2026-02-27,19.86,24.52,33.23,64.68,32.72,17.74,110.89,146.67
2026-03-06,29.49,31.44,34.26,103.6,41.08,31.64,140.44,151.8
2026-03-13,27.19,29.87,32.31,119.02,41.86,31.67,131.05,137.76
2026-03-20,26.78,29.2,35.25,91.85,44.69,23.25,126.28,139.12
2026-03-27,31.05,33.54,45.51,96.64,43.89,33.45,133.18,139.0
2026-04-03,23.87,27.04,37.85,93.14,38.82,26.8,115.33,146.95
2026-04-10,19.23,23.09,30.46,78.01,35.05,24.13,107.3,144.18
2026-04-17,17.48,21.57,28.95,69.01,31.07,20.75,95.13,141.82
2026-04-24,18.71,23.38,25.88,75.83,32.29,25.06,97.18,139.08
2026-05-01,16.99,21.92,26.43,75.4,31.39,21.38,95.17,141.38
2026-05-08,17.19,23.76,26.48,72.15,31.77,21.42,96.78,138.21
2026-05-15,18.43,25.33,26.34,72.35,34.24,25.22,92.94,145.77
2026-05-22,16.7,22.82,23.86,75.97,31.84,23.23,91.16,137.39
2026-05-29,15.32,22.58,24.91,57.84,29.96,20.02,86.06,144.18
2026-06-05,21.51,30.47,28.89,57.75,33.36,18.49,102.04,152.25
2026-06-12,17.68,27.27,26.85,54.1,31.31,20.38,93.82,142.6
2026-06-19,16.4,26.31,27.9,51.54,29.71,15.83,88.43,146.72
2026-06-26,18.41,30.82,27.18,46.46,30.31,17.63,89.02,139.4
2026-07-03,16.15,27.98,26.0,41.62,30.08,16.32,88.8,150.02
2026-07-10,15.03,24.89,23.95,44.67,29.37,15.89,87.28,144.27
2026-07-17,18.77,29.03,25.6,60.02,29.32,16.58,104.87,147.28
2026-07-24,18.58,28.39,24.33,68.0,,,100.73,147.28
2026-07-31,15.99,26.0,23.31,63.04,,,91.64,141.23
2026-08-07,14.9,22.82,25.64,55.8,25.64,16.01,90.42,132.57
2026-08-14,14.25,20.72,23.92,49.52,,15.27,87.48,138.36
2026-08-21,15.13,21.98,27.29,49.62,31.0,15.37,86.27,143.9
2026-08-28,14.43,19.92,25.17,43.49,,,86.63,149.77
