week_ending,SPY,ACWI,EEM,MCHI,EWZ,INDA,EWH,THD,SOXX,XLK,GLD,GLTR,HYG,LQD,BTCUSD,EWJ,VGK,IWM,IWF,IWD,XLC,XLF,XLV,XLU,XLRE,XLE,XLB,XLY,GSPC,SETBK
2023-07-24,456.92,99.2,41.93,49.48,33.39,44.5,19.99,69.94,177.6967,88.97,181.86,89.52,75.32,107.55,,63.7,63.51,196.43,71.0175,162.88,68.81,35.2,135.19,33.52,37.89,42.925,42.635,86.38,,
2023-07-31,446.81,96.64,40.54,47.95,32.06,44.03,19.11,68.17,171.0033,85.58,180.19,88.44,74.65,105.9,,61.78,61.59,194.17,69.055,160.36,67.09,34.91,132.4,31.995,37.07,43.46,41.785,85.775,,
2023-08-07,445.65,96.11,39.56,45.84,31.57,43.62,18.6,67.37,162.23,83.45,177.6,86.77,74.83,105.05,,61.37,61.7,190.99,68.315,160.85,67.12,34.92,135.67,32.285,37.39,44.95,41.36,84.86,,
2023-08-14,436.5,93.73,38.4,43.32,30.54,43.33,17.69,66.43,160.23,82.48,175.33,85.97,74.09,104.1,,59.32,59.8,184.65,67.005,157.06,65.06,33.98,133.53,31.745,36.19,44.405,40.415,81.33,,
2023-08-21,439.97,94.48,38.91,43.76,31.31,43.76,17.61,69.22,161.9033,84.355,177.62,88.01,74.61,104.96,,59.97,60.01,184.0,68.135,156.72,65.38,33.99,133.41,31.815,36.45,43.795,40.4,82.33,,
2023-08-28,451.19,96.77,39.63,45.89,31.44,44.24,18.43,68.84,170.6667,88.1,180.11,88.81,75.07,105.03,,62.04,60.71,190.85,70.4975,159.85,67.1,34.69,133.57,31.32,37.0,45.37,41.91,84.835,,
2023-09-04,445.52,95.33,38.71,43.89,30.58,45.02,17.75,67.09,164.6433,86.395,178.08,86.53,74.62,104.72,,61.61,59.59,183.92,69.605,157.55,66.96,34.3,132.06,31.59,36.62,46.025,40.9,84.375,,
2023-09-11,443.37,95.82,39.13,44.22,32.26,45.12,17.54,66.76,160.3967,84.45,178.34,87.2,74.64,104.37,,62.99,60.19,183.61,69.145,158.34,67.51,34.83,132.19,32.47,36.79,46.005,40.855,85.895,,
2023-09-18,430.42,93.26,38.47,44.03,31.17,44.48,17.49,65.35,155.3533,82.205,178.62,87.79,74.0,103.84,,61.8,58.67,176.67,66.795,154.21,65.62,33.66,130.15,31.645,34.57,44.655,39.185,80.465,,
2023-09-25,427.48,92.37,37.95,43.29,30.67,44.22,17.15,62.49,157.8833,81.965,171.45,84.15,73.72,102.02,,60.29,57.93,176.74,66.4975,151.82,65.57,33.17,128.74,29.465,34.07,45.195,39.275,80.49,,
2023-10-02,429.54,92.48,37.83,43.12,29.35,44.58,17.34,61.08,160.0633,84.11,169.7,82.25,72.69,99.98,,59.38,57.68,173.0,67.87,149.57,66.91,33.04,130.01,28.625,33.56,42.865,38.995,80.305,,
2023-10-09,431.5,92.77,37.86,43.17,30.23,44.46,17.27,62.29,158.8967,84.315,178.83,86.18,72.75,101.38,,59.58,57.59,170.27,68.0675,150.17,67.07,33.21,130.19,29.65,34.34,44.795,38.82,79.485,,
2023-10-16,421.19,90.4,36.79,40.92,29.94,43.98,16.75,59.54,152.43,81.97,183.59,88.11,71.93,98.67,,58.13,55.98,166.44,66.125,147.39,66.52,32.2,128.06,29.015,32.75,45.13,37.65,75.845,,
2023-10-23,410.68,88.59,36.53,41.92,29.93,42.96,16.81,59.91,148.11,80.56,186.15,88.68,72.36,99.61,,57.82,55.18,162.21,64.3675,143.69,63.09,31.45,123.14,29.365,32.35,42.315,37.475,74.795,,
2023-10-30,434.69,93.79,38.46,43.25,31.9,44.15,17.54,63.49,158.42,85.88,184.79,88.44,74.41,101.91,,62.0,58.24,174.49,68.41,151.83,67.56,33.78,127.41,30.93,35.11,43.34,39.395,80.11,,
2023-11-06,440.61,94.31,38.35,42.5,32.4,44.49,16.96,60.63,164.9233,89.76,179.51,84.71,74.06,102.17,,60.47,58.33,169.11,70.4675,150.29,68.47,33.91,126.27,30.16,34.39,41.705,38.68,80.7,,
2023-11-13,450.79,96.95,39.36,43.27,33.49,45.05,17.63,62.98,171.87,91.4,183.67,88.18,74.77,104.39,,62.35,60.9,178.29,71.96,154.64,70.07,35.01,128.25,31.145,35.97,42.345,40.135,83.57,,
2023-11-20,455.3,97.88,39.54,43.65,33.77,45.19,17.63,61.89,171.8133,92.205,185.52,89.67,75.0,104.72,,62.61,61.67,179.33,72.745,156.17,70.96,35.38,131.13,31.345,36.32,42.465,40.56,84.12,,
2023-11-27,459.1,98.75,39.73,42.31,34.42,46.4,16.86,62.18,172.02,92.79,192.01,92.21,75.99,107.17,,63.21,62.21,184.91,72.9925,159.22,69.91,36.17,131.83,31.765,38.01,42.51,41.675,85.545,,
2023-12-04,460.2,98.71,39.01,40.45,33.85,47.31,16.46,60.69,173.9533,93.33,185.64,87.52,75.86,107.36,,62.78,62.38,186.8,73.525,158.79,70.48,36.13,132.07,31.705,37.9,41.115,40.965,86.595,,
2023-12-11,469.33,100.97,39.98,41.2,34.59,48.3,17.27,62.37,189.7767,95.85,187.0,90.1,76.93,110.36,,63.17,63.48,197.04,75.16,164.05,71.02,37.35,134.16,31.985,40.0,42.15,42.585,89.605,,
2023-12-18,473.65,101.18,39.38,39.29,34.62,48.36,16.97,63.1,189.9633,96.025,190.27,91.79,77.47,110.1,,63.33,64.1,201.48,75.6975,164.28,72.61,37.34,135.02,31.31,39.73,42.49,42.8,89.74,,
2023-12-25,475.31,101.77,40.21,40.74,34.96,48.81,17.37,63.86,192.0333,96.24,191.17,91.02,77.39,110.66,,64.14,64.48,200.71,75.7925,165.25,72.66,37.6,136.38,31.665,40.06,41.92,42.77,89.405,,
2024-01-01,467.92,100.08,39.44,39.43,34.46,49.09,16.67,63.83,180.6133,92.06,189.35,89.39,76.68,108.66,,63.53,63.37,193.25,73.6925,164.57,72.04,37.75,139.12,32.265,39.29,42.34,42.17,86.31,,
2024-01-08,476.68,101.45,39.2,38.78,34.34,49.96,16.51,62.62,185.7967,96.12,189.71,88.95,77.7,110.44,,66.43,63.62,193.23,76.39,164.1,73.81,37.6,140.52,31.66,39.54,41.34,41.725,86.98,,
2024-01-15,482.43,101.67,38.39,37.04,32.96,49.59,15.76,59.92,200.41,100.085,187.93,87.56,77.17,108.99,,65.9,62.49,192.43,78.0575,163.78,74.83,37.93,139.46,30.49,38.7,40.085,41.115,87.445,,
2024-01-22,487.41,102.88,38.89,38.17,33.37,49.19,16.26,59.69,199.2567,100.875,187.01,87.63,77.63,109.09,,65.39,63.93,195.98,78.8075,165.79,77.68,38.65,139.27,30.605,38.49,42.125,41.255,85.84,,
2024-01-29,494.35,103.74,38.65,36.04,32.67,50.38,15.62,60.32,198.8233,101.12,188.61,87.9,77.19,109.62,,66.51,63.7,194.41,80.345,166.77,79.74,38.98,141.99,30.745,38.31,41.76,41.545,88.66,,
2024-02-05,501.2,105.01,39.58,37.64,32.93,50.72,16.03,59.78,209.81,103.92,187.6,86.92,77.36,108.16,,66.63,63.85,199.34,82.37,166.99,79.17,39.08,144.01,30.135,38.41,41.655,41.57,89.95,,
2024-02-12,499.51,105.19,40.08,38.79,33.11,51.2,16.33,59.46,208.3733,101.285,186.34,87.99,76.91,107.48,,67.63,64.34,201.66,81.405,168.59,78.95,39.63,145.62,30.615,38.35,42.785,42.585,89.51,,
2024-02-19,507.85,106.77,40.6,39.9,33.12,51.8,16.61,60.52,212.1567,102.645,188.62,88.42,77.35,108.06,,69.01,65.48,199.89,82.7325,170.97,79.72,40.3,147.86,30.98,38.72,42.98,43.415,90.645,,
2024-02-26,512.85,107.68,40.48,39.63,33.2,51.92,16.26,59.43,226.6133,105.38,192.89,89.72,77.18,107.92,,70.33,65.77,205.89,83.7875,172.15,80.02,40.29,146.34,30.86,39.54,43.57,43.98,92.51,,
2024-03-04,511.72,108.07,40.82,38.96,32.33,52.28,16.19,60.7,228.13,103.675,201.63,93.88,77.4,109.02,,71.18,66.84,206.83,82.725,174.06,79.59,40.62,146.43,31.875,40.17,44.085,44.675,90.155,,
2024-03-11,509.83,107.82,40.77,40.05,32.09,50.52,16.39,60.08,218.76,102.815,199.71,94.69,77.07,107.81,,69.57,66.69,202.41,82.5225,173.85,79.29,40.79,145.36,31.73,39.04,45.78,45.4,89.025,,
2024-03-18,521.21,109.72,40.86,39.53,32.13,50.49,15.86,58.98,225.45,104.955,200.35,93.62,77.7,108.67,,71.82,66.88,205.07,84.7525,175.99,81.82,41.42,145.44,31.93,38.62,46.2,45.685,91.36,,
2024-03-25,523.07,110.13,41.08,39.73,32.42,51.59,15.55,58.41,225.92,104.135,205.72,95.5,77.73,108.92,,71.35,67.34,210.3,84.2625,179.11,81.66,42.12,147.73,32.825,39.53,47.205,46.445,91.945,,
2024-04-01,518.43,109.23,41.25,39.95,31.81,52.02,15.62,58.99,221.63,103.225,215.14,101.0,76.82,107.03,,69.87,66.76,204.45,83.6725,176.75,82.52,41.57,143.22,32.58,38.38,49.04,46.385,89.42,,
2024-04-08,510.85,107.33,40.53,39.28,31.27,51.67,15.16,58.97,218.07,102.71,216.89,102.58,76.37,106.06,,69.06,65.07,198.69,83.155,171.83,81.33,40.06,138.91,32.1,37.24,48.065,44.96,88.555,,
2024-04-15,495.16,104.54,39.71,39.41,30.74,51.33,14.7,56.6,198.39,96.265,221.03,104.06,75.98,105.01,,66.49,64.68,193.14,79.0375,170.55,79.47,40.38,138.95,32.715,35.88,47.485,44.48,84.88,,
2024-04-22,508.26,107.38,41.17,42.35,31.54,52.32,15.98,57.74,216.9,99.915,216.62,101.04,76.62,105.13,,67.13,66.39,198.36,81.9975,173.05,80.11,40.82,139.96,33.095,36.46,47.87,44.76,87.955,,
2024-04-29,511.29,108.43,42.47,44.77,32.31,52.73,16.9,59.18,216.17,101.275,212.96,99.2,77.08,106.4,,69.26,66.79,201.9,82.875,173.12,80.21,40.55,140.83,34.205,37.02,46.285,44.765,88.955,,
2024-05-06,520.84,110.18,42.5,45.18,31.61,51.37,17.41,58.68,220.24,102.77,218.71,103.05,76.9,106.31,,67.95,68.93,204.31,84.1675,176.89,81.79,41.83,143.59,35.635,37.81,46.915,45.92,89.05,,
2024-05-13,529.45,112.16,43.79,47.44,31.75,52.97,18.06,60.53,228.24,105.91,223.66,108.31,77.28,107.19,,68.73,70.09,208.08,85.7175,179.05,82.61,42.49,146.31,36.17,38.76,47.48,46.075,89.35,,
2024-05-20,529.44,111.7,43.02,44.97,30.43,54.07,17.1,58.65,238.56,107.595,215.92,104.38,77.09,106.98,,68.46,69.72,205.44,86.5075,176.54,82.95,41.61,144.42,35.75,37.35,45.685,45.68,87.77,,
2024-05-27,527.37,111.08,41.79,43.82,29.6,53.01,16.72,57.55,234.01,105.08,215.3,103.99,77.13,106.89,,68.97,69.85,205.77,85.5725,177.16,83.26,41.64,143.7,36.36,38.05,46.6,45.765,87.985,,
2024-06-03,534.01,111.98,42.04,43.63,28.76,53.99,16.5,56.55,240.02,107.8,211.6,101.29,76.89,106.96,,68.73,69.75,201.2,87.8175,175.47,84.4,41.48,146.43,34.97,37.97,44.995,44.895,88.83,,
2024-06-10,542.78,111.66,42.23,43.13,27.27,55.17,15.75,54.76,252.04,113.835,215.73,102.95,77.06,108.46,,67.13,67.59,198.73,90.775,172.79,84.13,40.65,145.88,34.97,38.53,44.02,44.49,89.165,,
2024-06-17,544.51,112.15,42.67,43.12,27.46,54.69,15.57,54.44,249.78,114.205,214.78,103.05,77.39,108.12,,66.01,67.06,200.35,91.005,174.86,84.94,41.33,146.81,34.695,38.48,44.875,44.82,91.305,,
2024-06-24,544.22,112.4,42.59,42.17,27.33,55.78,15.3,54.26,246.63,113.115,215.01,102.98,77.14,107.12,,68.24,66.77,202.89,91.1275,174.47,85.66,41.11,145.75,34.07,38.41,45.575,44.155,91.2,,
2024-07-01,554.64,114.66,43.63,42.7,28.39,56.66,15.18,55.32,254.76,116.44,220.93,107.12,77.43,108.14,,69.96,68.39,200.87,94.5,173.79,87.76,41.54,144.41,34.275,38.3,45.05,43.95,94.65,,
2024-07-08,559.99,116.19,44.51,44.01,29.15,57.07,15.87,56.87,259.89,116.9,223.11,106.9,77.98,109.17,,71.4,69.5,213.14,94.2075,178.67,86.31,42.38,148.27,35.63,39.99,45.26,45.25,95.745,,
2024-07-15,548.99,113.49,42.74,42.02,28.0,56.18,15.5,55.49,236.44,110.435,221.73,104.53,77.98,108.38,,69.96,67.67,216.84,90.4225,179.84,85.11,42.85,147.87,35.065,40.51,46.185,45.055,93.905,,
2024-07-22,544.44,112.77,42.36,41.25,27.74,56.82,15.28,55.8,229.37,108.14,220.63,102.52,78.29,108.61,,68.69,68.12,224.22,88.3025,182.02,83.7,43.41,149.96,35.585,40.73,46.095,45.665,91.305,,
2024-07-29,532.9,110.13,41.6,40.82,27.18,56.26,15.15,56.55,206.81,102.36,225.34,104.6,77.7,110.6,,64.65,66.53,208.92,86.03,178.36,84.74,42.06,150.86,37.11,41.86,44.2,45.02,88.08,,
2024-08-05,532.99,110.53,42.06,41.51,29.18,55.79,15.46,56.36,211.78,102.815,224.56,103.15,77.97,109.71,,65.37,66.66,206.46,86.41,177.95,85.21,42.4,149.98,36.805,41.81,44.705,44.28,87.17,,
2024-08-12,554.31,114.8,43.41,42.6,30.24,56.37,15.66,57.74,231.23,110.7,231.99,107.27,78.84,111.19,,69.37,68.82,212.6,90.9225,182.34,86.26,43.77,152.87,37.22,41.86,45.235,45.285,91.565,,
2024-08-19,562.13,116.9,43.84,42.52,30.44,57.08,15.9,61.57,233.39,111.98,232.02,108.25,79.4,112.17,,71.93,70.77,220.38,92.0275,185.86,87.5,44.43,155.45,37.71,43.37,45.195,46.365,93.935,,
2024-08-26,563.68,116.98,43.37,41.83,29.87,57.72,16.18,61.55,231.14,110.165,231.29,106.99,79.34,111.21,,71.97,70.93,220.08,91.365,188.32,87.32,45.74,157.2,38.145,43.55,45.64,47.14,93.56,,
2024-09-02,540.36,112.31,41.78,40.71,29.36,56.51,15.82,65.65,203.93,101.96,230.63,105.67,79.14,112.33,,68.09,68.35,207.9,86.53,182.6,83.77,44.29,153.95,37.955,43.63,43.005,44.945,91.2,,
2024-09-09,562.01,116.21,42.83,40.9,29.65,57.85,15.96,66.14,222.85,110.22,238.68,111.9,79.63,113.21,,69.87,69.75,216.83,91.72,186.18,86.87,44.51,156.16,39.27,45.21,42.795,46.345,96.24,,
2024-09-16,568.25,117.76,43.69,42.66,29.19,58.74,16.76,68.09,223.67,111.265,242.21,113.32,80.26,113.45,,71.27,69.81,221.57,93.2575,188.64,88.9,45.66,155.28,40.04,44.68,44.38,47.035,98.345,,
2024-09-23,571.47,119.56,46.61,50.99,29.73,59.13,18.73,69.58,232.68,112.55,245.02,114.45,80.36,113.26,,71.08,71.68,220.33,93.4075,189.29,90.01,45.15,153.02,40.21,44.29,43.595,48.46,100.42,,
2024-09-30,572.98,119.48,46.97,57.0,29.41,57.1,20.03,67.05,231.08,112.645,245.0,114.98,79.6,111.52,,71.88,69.67,219.15,93.6875,189.62,90.88,45.65,151.64,40.655,43.52,46.59,47.585,99.085,,
2024-10-07,579.58,120.16,46.36,52.64,28.32,57.19,18.84,68.64,235.46,115.405,245.47,114.82,79.57,110.81,,71.05,69.67,221.26,95.0025,191.4,90.43,46.51,153.89,39.625,43.43,46.405,47.945,98.29,,
2024-10-14,584.59,120.65,45.92,50.49,28.2,56.56,18.2,69.33,229.36,115.455,251.27,118.75,79.8,110.75,,70.13,69.56,225.65,95.705,193.65,91.23,47.62,153.13,40.975,44.74,45.17,48.815,99.755,,
2024-10-21,579.04,118.82,45.12,49.85,28.13,54.71,17.97,66.47,229.58,115.145,253.32,119.93,79.28,109.31,,67.24,68.12,218.89,95.6925,189.27,90.85,46.63,148.59,40.19,44.07,44.885,46.98,100.405,,
2024-10-28,571.04,117.5,44.49,49.48,27.01,54.86,18.02,65.84,220.58,111.955,252.47,117.88,78.75,108.01,,67.98,67.38,218.98,94.2025,187.75,92.4,46.64,147.74,39.065,42.74,44.015,46.565,100.045,,
2024-11-04,598.19,121.3,44.65,49.46,27.71,54.36,17.99,64.98,231.36,118.58,247.96,114.65,79.8,109.85,,69.43,66.46,238.12,99.6575,195.35,96.18,49.19,150.18,39.59,43.91,46.875,47.235,107.56,,
2024-11-11,585.75,118.64,42.95,47.38,27.3,53.02,17.19,62.37,211.21,114.355,236.59,109.94,79.23,108.26,,67.49,64.76,228.48,96.8875,193.05,95.15,49.87,141.84,39.625,42.98,47.365,45.64,106.72,,
2024-11-18,595.51,120.44,43.28,46.48,27.51,54.23,16.94,63.83,216.17,116.8,249.84,115.28,79.49,108.4,,67.95,64.81,238.77,98.53,197.71,96.88,50.73,144.16,40.725,44.09,48.635,47.045,109.05,,
2024-11-25,602.55,121.77,43.26,47.32,25.52,54.78,17.44,63.41,215.4,116.865,245.59,113.25,80.04,110.55,,69.69,66.0,241.87,99.595,199.79,98.4,51.34,147.41,41.465,45.0,47.765,47.39,111.15,,
2024-12-02,607.81,123.12,43.85,47.81,25.27,55.67,17.29,64.63,219.83,120.42,242.95,112.48,79.9,110.7,,71.08,67.18,238.93,103.195,195.92,100.93,50.4,144.28,39.845,43.77,45.51,45.955,116.4,,
2024-12-09,604.21,122.06,44.03,48.22,25.25,55.56,17.33,63.27,223.3,119.525,244.29,112.34,79.41,108.72,,69.54,66.31,233.07,103.51,192.03,100.94,49.54,140.99,38.82,42.83,44.61,44.615,117.745,,
2024-12-16,591.15,118.12,42.27,47.1,23.09,53.42,16.56,59.32,214.82,117.98,242.1,110.56,78.58,106.98,,66.21,63.27,221.92,101.8325,185.54,97.96,48.51,138.0,38.215,40.79,42.07,42.79,114.455,,
2024-12-23,595.01,119.04,42.3,47.47,22.56,53.1,16.76,61.13,221.64,118.745,241.4,110.24,78.55,106.65,,67.73,63.88,222.39,102.5225,186.51,98.16,48.75,138.95,38.04,40.54,42.28,42.47,114.87,,
2024-12-30,591.95,118.49,42.15,46.39,22.45,53.37,16.53,59.67,222.47,117.875,243.49,111.19,78.96,106.6,,67.28,63.45,224.43,101.8025,186.51,97.88,48.59,138.96,38.54,40.84,43.735,41.595,112.94,,
2025-01-06,580.49,116.37,41.09,43.71,22.69,51.21,15.83,58.05,218.2,114.39,248.21,113.53,78.53,105.4,,65.24,63.4,216.83,99.5375,183.57,95.81,47.32,139.64,37.79,39.18,44.195,41.65,110.41,,
2025-01-13,597.58,119.6,42.09,46.21,23.55,51.18,16.4,57.95,229.74,117.055,249.27,113.76,79.46,106.78,,66.18,65.07,225.46,101.745,191.48,97.39,50.23,140.18,39.42,41.08,46.98,44.165,114.61,,
2025-01-20,607.97,122.06,42.95,47.39,24.34,50.68,16.43,59.9,230.64,119.65,255.65,116.18,79.75,107.12,,68.48,67.21,228.69,103.8725,193.79,100.41,50.85,144.31,39.745,41.55,45.655,44.5,115.005,,
2025-01-27,601.82,121.19,42.72,48.41,25.33,50.99,16.5,57.57,218.13,115.405,258.56,117.99,79.72,107.46,,68.31,67.5,226.48,102.3275,193.54,102.38,51.47,146.87,38.94,41.42,43.82,44.395,116.085,,
2025-02-03,600.77,121.33,43.2,49.73,25.22,50.5,16.21,56.12,216.87,116.41,263.9,119.9,79.35,107.53,,68.48,67.75,226.0,102.0275,193.25,102.74,51.82,146.43,39.07,41.97,44.28,44.145,112.79,,
2025-02-10,609.7,123.62,44.41,53.46,26.37,49.59,16.98,56.47,223.07,119.985,266.29,120.93,79.76,107.99,,69.37,70.2,225.97,104.0925,194.48,105.31,51.8,144.8,39.55,42.06,45.035,44.925,113.5,,
2025-02-17,599.94,122.13,44.9,55.77,25.47,49.3,17.19,55.89,223.98,117.435,270.74,122.57,79.65,108.25,,69.09,69.93,217.8,101.22,192.64,103.02,50.75,146.43,40.135,42.23,45.465,44.035,109.195,,
2025-02-24,594.18,120.83,43.21,53.58,24.11,48.1,17.59,53.14,208.52,112.765,263.27,118.48,80.13,109.61,,68.47,70.2,214.65,98.65,194.37,102.0,52.18,148.93,39.61,43.15,45.5,44.38,107.98,,
2025-03-03,575.92,119.5,44.42,56.5,24.82,49.08,18.31,53.9,203.85,109.27,268.39,121.64,79.45,108.32,,70.17,73.34,205.95,94.7125,189.67,100.29,49.12,149.28,38.645,42.47,43.715,43.91,102.835,,
2025-03-10,562.81,117.45,44.58,57.37,25.84,48.91,18.15,53.31,201.12,106.97,275.24,125.16,78.88,107.95,,70.35,72.46,202.89,92.3,186.13,96.58,48.52,144.93,39.435,41.45,44.88,42.99,98.35,,
2025-03-17,563.98,117.98,44.58,55.65,26.57,51.47,17.84,53.25,199.38,106.98,278.49,125.27,79.22,108.76,,71.33,71.78,203.79,92.475,187.15,97.6,49.46,146.6,39.375,41.51,46.26,42.895,98.725,,
2025-03-24,555.66,116.24,43.77,54.57,25.96,51.28,17.56,52.32,188.68,103.19,284.06,128.1,78.8,108.48,,69.22,70.98,200.45,90.135,186.27,95.74,49.21,144.52,38.99,41.41,46.215,42.525,98.52,,
2025-03-31,505.28,106.0,40.58,50.0,24.5,49.19,16.38,48.06,157.63,91.185,279.72,121.92,76.76,108.78,,61.51,65.02,181.19,81.4175,170.39,87.23,44.2,135.28,37.265,38.96,39.38,38.94,91.395,,
2025-04-07,533.94,111.1,41.75,49.68,24.69,50.76,15.97,51.78,172.26,99.175,297.93,129.79,76.74,105.23,,65.82,68.29,184.36,87.505,176.12,91.27,46.67,136.87,38.16,38.92,39.445,40.25,94.86,,
2025-04-14,526.41,111.4,41.92,49.29,25.22,52.26,16.43,52.11,166.55,96.43,306.12,132.89,77.77,106.75,,68.07,69.93,186.48,85.405,176.32,90.21,46.65,135.49,38.885,40.45,40.75,40.375,92.7,,
2025-04-21,550.64,116.18,43.45,51.91,26.94,52.85,17.18,53.11,184.81,104.235,304.73,132.93,78.77,107.99,,70.77,72.36,194.12,91.195,180.43,94.36,48.02,138.05,39.105,40.53,41.195,41.31,98.8,,
2025-04-28,566.76,119.41,45.0,53.42,27.12,53.91,17.8,55.63,190.03,108.305,297.98,129.9,78.54,106.91,,71.89,74.18,200.48,94.2325,184.9,97.42,49.76,138.53,39.875,41.93,40.99,42.465,100.715,,
2025-05-05,564.34,119.13,44.91,53.25,27.56,52.39,18.35,56.49,193.94,108.8,306.84,133.5,78.55,106.61,,72.01,74.09,200.81,93.6875,185.05,97.18,49.86,132.68,40.12,41.61,41.215,42.28,101.205,,
2025-05-12,594.2,124.04,46.26,54.42,28.0,54.66,18.84,55.15,213.13,117.445,294.24,129.07,79.42,107.1,,72.49,75.3,209.85,100.3375,191.09,101.78,51.59,133.09,41.09,42.01,42.74,43.525,108.835,,
2025-05-19,579.11,122.3,46.23,54.78,27.65,54.58,18.77,55.28,202.56,113.405,309.75,135.63,78.95,106.28,,73.03,76.15,202.56,97.65,186.27,100.19,50.05,130.34,40.53,40.64,40.995,42.85,105.325,,
2025-05-26,589.39,123.65,45.52,52.82,27.21,54.31,18.94,53.39,204.94,115.455,303.6,133.19,79.57,107.77,,74.12,76.76,205.07,99.8575,188.62,101.4,50.96,132.64,40.96,41.73,40.765,43.17,106.9,,
2025-06-02,599.14,125.76,46.92,54.92,27.72,54.91,19.55,53.31,217.34,119.18,305.18,137.4,79.3,106.92,,73.82,77.65,211.9,101.8925,190.76,103.71,51.28,134.38,40.595,41.88,41.705,43.89,106.085,,
2025-06-09,597.0,125.39,47.11,54.77,28.14,54.04,19.75,53.17,220.96,119.585,316.29,141.16,79.36,107.79,,73.6,77.23,208.89,101.3925,189.83,102.58,49.96,136.13,40.71,41.89,44.05,43.69,105.87,,
2025-06-16,594.28,123.74,46.33,53.5,27.67,53.9,19.0,48.77,225.11,120.27,310.13,139.17,79.8,108.14,,71.76,74.78,209.21,100.7925,189.42,102.84,50.36,132.6,40.39,41.83,44.49,43.21,105.34,,
2025-06-23,614.91,128.04,48.09,55.18,28.14,55.86,19.91,49.74,238.86,125.385,301.22,137.13,80.34,109.01,,75.28,77.32,215.48,105.425,193.37,107.68,51.94,133.93,40.665,41.12,42.65,43.945,109.295,,
2025-06-30,625.34,129.79,48.76,54.72,29.31,55.79,20.17,52.36,243.34,128.48,307.14,139.94,80.37,109.06,,74.6,77.75,223.08,107.0675,197.41,108.04,53.19,135.5,40.92,41.8,43.515,45.685,110.605,,
2025-07-07,623.62,129.2,48.26,54.95,27.53,54.88,20.09,51.89,246.17,127.925,309.14,142.86,80.03,108.08,,72.36,77.79,221.7,106.8925,196.3,106.01,52.16,135.19,41.225,41.57,44.565,45.76,110.715,,
2025-07-14,627.58,129.76,49.08,57.45,26.85,54.5,20.31,55.95,246.73,130.445,308.39,142.53,80.25,108.29,,71.81,77.17,222.33,108.565,195.88,106.19,52.54,131.84,41.875,41.84,42.98,45.11,111.085,,
2025-07-21,637.1,131.88,49.51,58.93,26.94,53.8,20.79,56.48,241.54,130.995,307.4,141.91,80.49,108.99,,75.68,78.87,224.38,109.97,199.08,107.62,53.44,136.48,42.26,42.79,43.55,46.185,112.435,,
2025-07-28,621.72,128.32,48.2,56.52,26.65,52.72,20.33,56.18,237.24,128.535,309.11,140.8,79.98,109.63,,74.07,75.26,214.92,107.9775,192.76,106.12,51.4,131.13,42.9,41.29,42.795,43.36,108.045,,
2025-08-04,637.18,131.86,49.44,58.19,27.81,52.12,21.05,58.09,242.87,132.96,313.05,142.93,80.22,109.41,,77.93,77.63,220.32,111.4825,195.66,107.63,51.85,130.16,43.09,41.25,42.465,44.175,111.89,,
2025-08-11,643.44,133.38,49.94,59.68,28.2,52.71,21.19,57.69,248.32,132.85,307.43,140.99,80.46,109.74,,80.15,78.95,227.13,112.2525,198.29,111.48,52.46,136.21,42.81,41.33,42.78,45.015,114.52,,
2025-08-18,645.31,134.22,50.63,61.57,28.61,53.58,21.48,58.36,249.09,131.21,310.58,142.91,80.85,110.2,,80.02,80.19,234.83,111.315,201.77,111.31,53.57,138.17,43.02,42.34,44.07,46.09,116.55,,
2025-08-25,645.05,133.44,49.86,61.31,29.5,51.98,21.16,57.25,245.32,131.225,318.07,145.97,80.86,109.8,,78.28,78.5,235.17,111.3975,201.63,111.39,53.99,137.43,42.16,42.31,45.195,46.14,115.87,,
2025-09-01,647.24,134.07,50.45,61.35,29.63,52.48,21.18,59.29,247.05,131.43,331.05,151.14,80.87,111.17,,79.18,78.57,237.77,112.3225,201.59,114.69,53.07,137.9,41.735,42.18,43.68,45.98,117.555,,
2025-09-08,657.41,136.35,52.26,63.95,30.03,53.15,21.92,61.06,255.64,135.44,335.42,154.24,80.96,112.01,,80.76,79.36,238.34,115.035,202.63,117.35,53.8,138.11,42.75,42.35,44.3,45.84,119.315,,
2025-09-15,663.7,137.76,53.01,64.44,30.93,53.94,21.47,60.95,265.86,139.46,339.18,155.96,81.26,111.74,,80.79,79.13,242.98,117.1625,202.77,119.41,54.25,137.29,42.475,41.85,44.26,45.415,120.695,,
2025-09-22,661.82,137.34,52.71,64.32,30.73,52.25,21.11,59.51,268.83,139.42,346.74,162.48,81.08,111.21,,80.44,78.96,241.34,116.21,202.98,118.17,53.86,135.5,43.405,41.88,45.995,44.42,119.855,,
2025-09-29,669.21,139.5,54.23,66.55,30.33,52.45,21.56,60.15,279.96,142.36,357.64,167.69,80.84,111.55,,81.78,81.35,245.83,117.485,204.96,116.39,53.72,144.82,44.455,42.08,44.455,44.93,118.93,,
2025-10-06,653.02,135.71,51.94,61.39,28.79,52.77,20.66,58.21,271.99,139.195,369.12,174.05,79.95,111.35,,78.36,79.18,237.79,114.8675,199.44,112.8,52.16,142.11,45.1,40.68,42.61,43.425,114.375,,
2025-10-13,664.39,138.63,54.18,63.31,29.71,54.45,21.19,58.71,288.17,142.505,388.99,181.87,80.72,112.2,,82.0,80.8,243.41,116.78,202.84,114.94,52.18,143.27,45.785,42.04,42.99,43.94,117.21,,
2025-10-20,677.25,140.86,55.1,64.51,30.48,54.51,21.41,61.03,295.86,146.79,377.52,175.02,81.08,112.72,,82.5,81.29,249.43,119.2975,206.3,115.55,53.11,146.03,45.695,42.65,44.035,44.505,118.83,,
2025-10-27,682.06,141.41,55.3,63.57,31.17,53.97,21.54,60.7,306.55,150.34,368.12,172.1,80.8,111.23,,83.45,80.3,246.23,121.395,204.57,114.81,52.37,144.25,44.55,40.9,44.065,42.835,119.965,,
2025-11-03,670.97,139.54,54.55,63.61,32.3,53.75,22.28,60.27,294.38,144.08,368.31,171.61,80.33,110.71,,83.29,79.98,241.61,117.8575,204.42,112.11,52.78,146.14,44.845,41.27,44.77,42.91,117.93,,
2025-11-10,671.93,140.08,54.96,63.5,33.18,54.62,22.77,58.65,288.52,144.075,375.96,176.46,80.22,110.25,,83.98,81.06,237.48,117.7325,204.79,111.33,52.45,151.83,44.38,40.95,46.01,43.385,115.445,,
2025-11-17,659.03,136.84,53.1,60.92,32.03,54.21,21.7,57.86,270.83,136.6,374.27,174.94,80.37,110.92,,81.19,79.09,235.6,114.4,203.04,111.9,51.67,154.61,44.075,40.9,44.71,43.175,112.75,,
2025-11-24,683.39,141.47,54.32,62.2,33.61,54.71,22.24,59.04,296.74,143.11,387.88,186.49,80.99,111.86,,83.01,81.53,248.75,119.1125,209.98,115.39,53.33,157.65,45.315,41.67,45.225,44.7,118.23,,
2025-12-01,685.69,142.1,54.74,62.66,32.53,53.97,22.05,60.16,309.4,146.6,386.44,187.97,80.75,110.86,,83.7,82.02,250.77,119.7,210.47,117.13,53.68,153.26,43.3,40.99,45.92,44.09,119.73,,
2025-12-08,681.76,141.77,54.24,61.52,33.32,53.14,21.87,59.66,299.48,143.69,395.44,194.55,80.57,110.17,,84.0,82.69,253.85,117.84,211.79,116.55,54.95,154.06,42.83,40.75,45.51,45.15,120.7,,
2025-12-15,680.59,140.91,53.72,60.63,31.17,54.15,21.61,59.62,299.81,144.6,399.02,203.01,80.36,110.13,,80.58,82.79,250.79,118.375,209.88,116.52,54.84,154.94,42.63,40.33,44.13,45.37,121.85,,
2025-12-22,690.31,142.9,54.8,61.27,31.73,53.84,21.91,60.85,306.04,146.53,416.74,222.35,80.6,110.64,,80.97,83.97,251.42,120.0825,212.45,117.97,55.62,156.05,42.78,40.52,44.2,46.11,122.05,,
2025-12-29,683.17,142.49,56.24,62.24,32.2,54.56,21.87,59.91,313.69,144.3,398.28,207.95,80.67,110.16,,81.33,84.56,248.78,117.94,212.2,116.9,54.93,155.51,43.18,40.38,45.65,46.12,118.35,,
2026-01-05,694.07,144.75,57.14,62.22,33.06,53.18,22.32,59.83,328.78,146.15,414.47,221.84,81.0,110.64,,84.61,85.77,260.23,119.045,217.59,117.91,55.73,157.31,42.51,40.5,46.67,48.26,124.41,,
2026-01-12,691.66,145.0,57.87,62.52,33.17,52.85,22.54,60.79,342.47,145.62,421.29,233.44,81.09,110.57,,85.48,86.17,265.76,117.645,218.99,115.17,54.44,155.74,43.39,42.21,47.69,48.68,122.3,,
2026-01-19,689.23,145.16,59.07,62.74,36.59,51.24,22.63,63.86,344.71,145.09,458.0,260.53,81.14,110.84,,84.56,86.93,264.81,117.065,218.48,116.96,53.07,157.48,42.56,41.25,49.19,49.97,123.13,,
2026-01-26,691.97,145.5,59.1,62.4,37.04,51.74,23.38,63.16,346.3,143.88,444.95,233.84,81.12,110.57,,85.72,87.5,259.65,116.4875,219.86,120.08,53.44,154.74,43.25,41.43,51.05,49.27,121.17,,
2026-02-02,690.62,146.28,60.07,61.67,37.56,53.28,23.63,65.75,348.51,141.13,455.46,230.19,80.81,110.56,,89.4,88.49,265.02,114.21,224.57,115.76,54.26,157.71,43.35,41.99,53.25,51.51,117.99,,
2026-02-09,681.75,145.94,61.12,60.35,38.06,52.89,23.15,70.3,354.66,139.56,462.62,231.86,80.85,111.59,,93.85,88.7,262.96,111.7925,223.71,114.58,51.65,157.67,46.5,43.5,54.35,53.31,116.18,,
2026-02-16,689.43,147.63,62.34,61.01,39.37,53.42,23.76,72.4,359.43,140.88,468.62,241.64,81.0,111.59,,91.47,90.01,264.61,113.465,225.27,116.8,52.49,156.82,46.33,43.56,54.88,52.96,117.45,,
2026-02-23,685.99,147.38,62.58,59.06,38.73,52.27,24.21,75.05,352.29,138.76,483.75,256.52,80.72,111.68,,92.37,90.17,261.41,112.5475,225.52,118.05,51.43,160.2,47.73,43.84,55.92,53.41,116.86,,
2026-03-02,672.38,141.68,57.32,56.72,36.28,49.99,23.17,65.69,323.51,137.29,473.51,241.71,79.69,110.16,,84.77,84.25,250.89,111.765,217.72,117.46,50.57,152.7,46.74,42.89,56.57,49.86,114.44,,
2026-03-09,662.29,139.54,56.8,57.78,35.49,48.06,22.76,65.3,331.32,136.8,460.84,233.49,79.2,108.17,,83.36,82.16,246.59,109.5725,214.74,114.45,48.89,149.79,46.96,42.25,57.7,49.19,110.86,,
2026-03-16,648.57,136.54,55.64,55.21,35.06,46.59,22.32,65.2,332.51,135.29,413.38,205.86,78.92,107.85,,81.2,79.18,242.22,106.86,211.31,112.23,49.08,145.33,44.65,40.59,59.31,46.98,107.74,,
2026-03-23,634.09,134.55,55.2,54.82,36.63,45.82,22.38,66.13,323.48,129.92,414.7,207.98,78.72,107.62,,81.43,79.45,243.1,103.2025,210.05,107.04,47.81,143.26,45.59,40.01,62.56,48.91,105.68,,
2026-03-30,655.83,139.44,56.59,55.84,38.35,46.65,23.16,68.45,339.61,135.99,429.41,216.12,79.56,109.12,,85.29,83.22,251.29,107.51,215.52,111.7,49.53,146.81,46.34,41.61,59.25,50.41,108.15,,
2026-04-06,679.46,145.04,60.56,57.18,41.33,49.34,23.88,71.71,386.6,142.62,437.13,222.5,79.96,109.2,,88.13,87.06,261.3,111.565,221.85,113.95,50.77,147.31,46.96,42.82,56.94,51.96,112.89,,
2026-04-13,710.14,150.9,63.64,59.29,41.16,51.28,23.47,71.96,415.71,154.35,445.93,230.6,80.65,110.04,,90.19,89.07,275.78,119.1025,227.15,119.1,52.43,148.8,46.16,44.48,55.02,51.88,120.41,,
2026-04-20,713.94,150.49,63.74,57.81,39.94,49.58,23.36,69.16,461.6,160.22,433.25,220.48,80.48,109.6,,87.32,87.05,276.65,119.785,227.65,115.54,51.42,144.18,46.18,43.83,56.87,51.92,118.69,,
2026-04-27,720.65,151.66,64.13,57.72,39.43,49.12,23.78,70.91,465.75,161.87,423.18,217.05,80.06,108.6,,88.3,87.15,279.28,120.05,230.86,116.72,51.92,145.16,46.55,44.32,58.85,51.35,118.63,,
2026-05-04,737.62,155.38,67.94,58.32,39.12,49.84,24.28,71.76,520.3,175.52,433.77,225.77,80.14,109.2,,92.22,88.12,284.17,123.54,233.9,116.94,51.24,143.49,44.72,44.41,55.7,51.59,120.2,,
2026-05-11,739.17,154.08,65.07,56.64,36.23,47.99,24.06,71.09,508.52,176.26,417.29,215.6,79.46,107.86,,91.07,85.79,277.6,124.37,232.18,116.08,51.1,145.1,43.87,43.23,59.44,50.3,116.53,,
2026-05-18,745.64,155.99,65.88,55.54,36.37,48.39,23.49,72.59,537.33,180.39,413.82,212.91,79.91,108.37,,91.61,88.46,285.12,125.0,236.32,115.46,51.94,149.89,45.35,44.56,59.49,50.29,119.18,,
2026-05-25,756.48,158.54,68.6,55.1,35.91,48.56,23.11,73.46,569.08,191.02,417.12,214.2,80.31,109.36,,92.96,89.01,290.43,127.85,237.96,115.69,51.58,149.47,44.42,43.99,56.29,51.15,120.87,,
2026-06-01,737.55,154.39,64.59,54.44,34.01,47.34,21.82,72.53,539.77,180.3,396.24,199.38,79.43,108.17,,90.72,87.13,281.65,122.69,236.42,111.67,52.3,153.01,44.35,44.7,57.67,50.63,114.86,,
2026-06-08,741.75,156.47,67.88,54.83,35.1,48.33,22.0,74.53,596.25,184.8,386.54,196.02,79.94,109.01,,92.71,89.62,292.95,121.61,242.13,111.65,53.34,153.81,44.53,45.36,57.55,52.18,116.6,,
2026-06-15,746.74,157.74,70.79,52.77,33.73,49.58,21.28,72.31,639.45,191.44,387.12,194.12,80.01,109.07,,96.26,88.27,295.59,123.19,242.18,109.45,53.57,149.4,44.76,43.86,53.77,51.81,117.16,,
2026-06-22,728.99,154.28,67.19,50.48,34.67,49.56,21.09,69.11,589.94,181.11,373.63,182.63,79.83,109.5,,92.8,87.13,299.83,119.04,242.76,106.18,53.57,160.34,46.2,45.24,53.84,51.6,114.37,,
2026-06-29,744.78,156.15,65.7,50.91,34.43,49.56,20.93,71.62,566.32,180.59,378.13,186.27,79.71,108.64,,93.14,89.35,297.58,121.16,246.81,109.6,55.62,163.74,45.76,44.68,53.22,52.01,117.12,,
2026-07-06,754.95,157.68,66.9,53.13,35.93,49.3,21.5,72.51,581.34,185.78,377.01,184.81,79.71,107.46,,94.55,88.57,295.99,123.95,246.84,111.64,55.71,160.84,45.41,44.45,55.08,50.89,117.24,,
2026-07-13,743.29,155.0,63.29,52.95,35.23,48.91,22.04,72.87,521.81,175.59,368.41,178.52,79.65,107.56,,90.49,88.59,294.04,119.38,248.03,110.65,56.26,161.09,45.17,45.42,57.68,50.53,115.44,,
2026-07-20,738.93,154.3,63.33,53.33,35.73,48.02,22.55,72.83,527.01,175.88,371.9,181.27,79.23,106.23,,91.21,88.41,291.17,117.65,248.24,106.3,56.31,162.57,46.29,45.95,59.62,51.26,109.41,,
